Date_ID,Full_Date,Day,Month,Quarter,Year,Weekday_Name,Is_Weekend
0,2020-01-01,1,1,1,2020,Wednesday,False
1,2020-01-02,2,1,1,2020,Thursday,False
2,2020-01-03,3,1,1,2020,Friday,False
3,2020-01-04,4,1,1,2020,Saturday,True
4,2020-01-05,5,1,1,2020,Sunday,True
5,2020-01-06,6,1,1,2020,Monday,False
6,2020-01-07,7,1,1,2020,Tuesday,False
7,2020-01-08,8,1,1,2020,Wednesday,False
8,2020-01-09,9,1,1,2020,Thursday,False
9,2020-01-10,10,1,1,2020,Friday,False
10,2020-01-11,11,1,1,2020,Saturday,True
11,2020-01-12,12,1,1,2020,Sunday,True
12,2020-01-13,13,1,1,2020,Monday,False
13,2020-01-14,14,1,1,2020,Tuesday,False
14,2020-01-15,15,1,1,2020,Wednesday,False
15,2020-01-16,16,1,1,2020,Thursday,False
16,2020-01-17,17,1,1,2020,Friday,False
17,2020-01-18,18,1,1,2020,Saturday,True
18,2020-01-19,19,1,1,2020,Sunday,True
19,2020-01-20,20,1,1,2020,Monday,False
20,2020-01-21,21,1,1,2020,Tuesday,False
21,2020-01-22,22,1,1,2020,Wednesday,False
22,2020-01-23,23,1,1,2020,Thursday,False
23,2020-01-24,24,1,1,2020,Friday,False
24,2020-01-25,25,1,1,2020,Saturday,True
25,2020-01-26,26,1,1,2020,Sunday,True
26,2020-01-27,27,1,1,2020,Monday,False
27,2020-01-28,28,1,1,2020,Tuesday,False
28,2020-01-29,29,1,1,2020,Wednesday,False
29,2020-01-30,30,1,1,2020,Thursday,False
30,2020-01-31,31,1,1,2020,Friday,False
31,2020-02-01,1,2,1,2020,Saturday,True
32,2020-02-02,2,2,1,2020,Sunday,True
33,2020-02-03,3,2,1,2020,Monday,False
34,2020-02-04,4,2,1,2020,Tuesday,False
35,2020-02-05,5,2,1,2020,Wednesday,False
36,2020-02-06,6,2,1,2020,Thursday,False
37,2020-02-07,7,2,1,2020,Friday,False
38,2020-02-08,8,2,1,2020,Saturday,True
39,2020-02-09,9,2,1,2020,Sunday,True
40,2020-02-10,10,2,1,2020,Monday,False
41,2020-02-11,11,2,1,2020,Tuesday,False
42,2020-02-12,12,2,1,2020,Wednesday,False
43,2020-02-13,13,2,1,2020,Thursday,False
44,2020-02-14,14,2,1,2020,Friday,False
45,2020-02-15,15,2,1,2020,Saturday,True
46,2020-02-16,16,2,1,2020,Sunday,True
47,2020-02-17,17,2,1,2020,Monday,False
48,2020-02-18,18,2,1,2020,Tuesday,False
49,2020-02-19,19,2,1,2020,Wednesday,False
50,2020-02-20,20,2,1,2020,Thursday,False
51,2020-02-21,21,2,1,2020,Friday,False
52,2020-02-22,22,2,1,2020,Saturday,True
53,2020-02-23,23,2,1,2020,Sunday,True
54,2020-02-24,24,2,1,2020,Monday,False
55,2020-02-25,25,2,1,2020,Tuesday,False
56,2020-02-26,26,2,1,2020,Wednesday,False
57,2020-02-27,27,2,1,2020,Thursday,False
58,2020-02-28,28,2,1,2020,Friday,False
59,2020-02-29,29,2,1,2020,Saturday,True
60,2020-03-01,1,3,1,2020,Sunday,True
61,2020-03-02,2,3,1,2020,Monday,False
62,2020-03-03,3,3,1,2020,Tuesday,False
63,2020-03-04,4,3,1,2020,Wednesday,False
64,2020-03-05,5,3,1,2020,Thursday,False
65,2020-03-06,6,3,1,2020,Friday,False
66,2020-03-07,7,3,1,2020,Saturday,True
67,2020-03-08,8,3,1,2020,Sunday,True
68,2020-03-09,9,3,1,2020,Monday,False
69,2020-03-10,10,3,1,2020,Tuesday,False
70,2020-03-11,11,3,1,2020,Wednesday,False
71,2020-03-12,12,3,1,2020,Thursday,False
72,2020-03-13,13,3,1,2020,Friday,False
73,2020-03-14,14,3,1,2020,Saturday,True
74,2020-03-15,15,3,1,2020,Sunday,True
75,2020-03-16,16,3,1,2020,Monday,False
76,2020-03-17,17,3,1,2020,Tuesday,False
77,2020-03-18,18,3,1,2020,Wednesday,False
78,2020-03-19,19,3,1,2020,Thursday,False
79,2020-03-20,20,3,1,2020,Friday,False
80,2020-03-21,21,3,1,2020,Saturday,True
81,2020-03-22,22,3,1,2020,Sunday,True
82,2020-03-23,23,3,1,2020,Monday,False
83,2020-03-24,24,3,1,2020,Tuesday,False
84,2020-03-25,25,3,1,2020,Wednesday,False
85,2020-03-26,26,3,1,2020,Thursday,False
86,2020-03-27,27,3,1,2020,Friday,False
87,2020-03-28,28,3,1,2020,Saturday,True
88,2020-03-29,29,3,1,2020,Sunday,True
89,2020-03-30,30,3,1,2020,Monday,False
90,2020-03-31,31,3,1,2020,Tuesday,False
91,2020-04-01,1,4,2,2020,Wednesday,False
92,2020-04-02,2,4,2,2020,Thursday,False
93,2020-04-03,3,4,2,2020,Friday,False
94,2020-04-04,4,4,2,2020,Saturday,True
95,2020-04-05,5,4,2,2020,Sunday,True
96,2020-04-06,6,4,2,2020,Monday,False
97,2020-04-07,7,4,2,2020,Tuesday,False
98,2020-04-08,8,4,2,2020,Wednesday,False
99,2020-04-09,9,4,2,2020,Thursday,False
100,2020-04-10,10,4,2,2020,Friday,False
101,2020-04-11,11,4,2,2020,Saturday,True
102,2020-04-12,12,4,2,2020,Sunday,True
103,2020-04-13,13,4,2,2020,Monday,False
104,2020-04-14,14,4,2,2020,Tuesday,False
105,2020-04-15,15,4,2,2020,Wednesday,False
106,2020-04-16,16,4,2,2020,Thursday,False
107,2020-04-17,17,4,2,2020,Friday,False
108,2020-04-18,18,4,2,2020,Saturday,True
109,2020-04-19,19,4,2,2020,Sunday,True
110,2020-04-20,20,4,2,2020,Monday,False
111,2020-04-21,21,4,2,2020,Tuesday,False
112,2020-04-22,22,4,2,2020,Wednesday,False
113,2020-04-23,23,4,2,2020,Thursday,False
114,2020-04-24,24,4,2,2020,Friday,False
115,2020-04-25,25,4,2,2020,Saturday,True
116,2020-04-26,26,4,2,2020,Sunday,True
117,2020-04-27,27,4,2,2020,Monday,False
118,2020-04-28,28,4,2,2020,Tuesday,False
119,2020-04-29,29,4,2,2020,Wednesday,False
120,2020-04-30,30,4,2,2020,Thursday,False
121,2020-05-01,1,5,2,2020,Friday,False
122,2020-05-02,2,5,2,2020,Saturday,True
123,2020-05-03,3,5,2,2020,Sunday,True
124,2020-05-04,4,5,2,2020,Monday,False
125,2020-05-05,5,5,2,2020,Tuesday,False
126,2020-05-06,6,5,2,2020,Wednesday,False
127,2020-05-07,7,5,2,2020,Thursday,False
128,2020-05-08,8,5,2,2020,Friday,False
129,2020-05-09,9,5,2,2020,Saturday,True
130,2020-05-10,10,5,2,2020,Sunday,True
131,2020-05-11,11,5,2,2020,Monday,False
132,2020-05-12,12,5,2,2020,Tuesday,False
133,2020-05-13,13,5,2,2020,Wednesday,False
134,2020-05-14,14,5,2,2020,Thursday,False
135,2020-05-15,15,5,2,2020,Friday,False
136,2020-05-16,16,5,2,2020,Saturday,True
137,2020-05-17,17,5,2,2020,Sunday,True
138,2020-05-18,18,5,2,2020,Monday,False
139,2020-05-19,19,5,2,2020,Tuesday,False
140,2020-05-20,20,5,2,2020,Wednesday,False
141,2020-05-21,21,5,2,2020,Thursday,False
142,2020-05-22,22,5,2,2020,Friday,False
143,2020-05-23,23,5,2,2020,Saturday,True
144,2020-05-24,24,5,2,2020,Sunday,True
145,2020-05-25,25,5,2,2020,Monday,False
146,2020-05-26,26,5,2,2020,Tuesday,False
147,2020-05-27,27,5,2,2020,Wednesday,False
148,2020-05-28,28,5,2,2020,Thursday,False
149,2020-05-29,29,5,2,2020,Friday,False
150,2020-05-30,30,5,2,2020,Saturday,True
151,2020-05-31,31,5,2,2020,Sunday,True
152,2020-06-01,1,6,2,2020,Monday,False
153,2020-06-02,2,6,2,2020,Tuesday,False
154,2020-06-03,3,6,2,2020,Wednesday,False
155,2020-06-04,4,6,2,2020,Thursday,False
156,2020-06-05,5,6,2,2020,Friday,False
157,2020-06-06,6,6,2,2020,Saturday,True
158,2020-06-07,7,6,2,2020,Sunday,True
159,2020-06-08,8,6,2,2020,Monday,False
160,2020-06-09,9,6,2,2020,Tuesday,False
161,2020-06-10,10,6,2,2020,Wednesday,False
162,2020-06-11,11,6,2,2020,Thursday,False
163,2020-06-12,12,6,2,2020,Friday,False
164,2020-06-13,13,6,2,2020,Saturday,True
165,2020-06-14,14,6,2,2020,Sunday,True
166,2020-06-15,15,6,2,2020,Monday,False
167,2020-06-16,16,6,2,2020,Tuesday,False
168,2020-06-17,17,6,2,2020,Wednesday,False
169,2020-06-18,18,6,2,2020,Thursday,False
170,2020-06-19,19,6,2,2020,Friday,False
171,2020-06-20,20,6,2,2020,Saturday,True
172,2020-06-21,21,6,2,2020,Sunday,True
173,2020-06-22,22,6,2,2020,Monday,False
174,2020-06-23,23,6,2,2020,Tuesday,False
175,2020-06-24,24,6,2,2020,Wednesday,False
176,2020-06-25,25,6,2,2020,Thursday,False
177,2020-06-26,26,6,2,2020,Friday,False
178,2020-06-27,27,6,2,2020,Saturday,True
179,2020-06-28,28,6,2,2020,Sunday,True
180,2020-06-29,29,6,2,2020,Monday,False
181,2020-06-30,30,6,2,2020,Tuesday,False
182,2020-07-01,1,7,3,2020,Wednesday,False
183,2020-07-02,2,7,3,2020,Thursday,False
184,2020-07-03,3,7,3,2020,Friday,False
185,2020-07-04,4,7,3,2020,Saturday,True
186,2020-07-05,5,7,3,2020,Sunday,True
187,2020-07-06,6,7,3,2020,Monday,False
188,2020-07-07,7,7,3,2020,Tuesday,False
189,2020-07-08,8,7,3,2020,Wednesday,False
190,2020-07-09,9,7,3,2020,Thursday,False
191,2020-07-10,10,7,3,2020,Friday,False
192,2020-07-11,11,7,3,2020,Saturday,True
193,2020-07-12,12,7,3,2020,Sunday,True
194,2020-07-13,13,7,3,2020,Monday,False
195,2020-07-14,14,7,3,2020,Tuesday,False
196,2020-07-15,15,7,3,2020,Wednesday,False
197,2020-07-16,16,7,3,2020,Thursday,False
198,2020-07-17,17,7,3,2020,Friday,False
199,2020-07-18,18,7,3,2020,Saturday,True
200,2020-07-19,19,7,3,2020,Sunday,True
201,2020-07-20,20,7,3,2020,Monday,False
202,2020-07-21,21,7,3,2020,Tuesday,False
203,2020-07-22,22,7,3,2020,Wednesday,False
204,2020-07-23,23,7,3,2020,Thursday,False
205,2020-07-24,24,7,3,2020,Friday,False
206,2020-07-25,25,7,3,2020,Saturday,True
207,2020-07-26,26,7,3,2020,Sunday,True
208,2020-07-27,27,7,3,2020,Monday,False
209,2020-07-28,28,7,3,2020,Tuesday,False
210,2020-07-29,29,7,3,2020,Wednesday,False
211,2020-07-30,30,7,3,2020,Thursday,False
212,2020-07-31,31,7,3,2020,Friday,False
213,2020-08-01,1,8,3,2020,Saturday,True
214,2020-08-02,2,8,3,2020,Sunday,True
215,2020-08-03,3,8,3,2020,Monday,False
216,2020-08-04,4,8,3,2020,Tuesday,False
217,2020-08-05,5,8,3,2020,Wednesday,False
218,2020-08-06,6,8,3,2020,Thursday,False
219,2020-08-07,7,8,3,2020,Friday,False
220,2020-08-08,8,8,3,2020,Saturday,True
221,2020-08-09,9,8,3,2020,Sunday,True
222,2020-08-10,10,8,3,2020,Monday,False
223,2020-08-11,11,8,3,2020,Tuesday,False
224,2020-08-12,12,8,3,2020,Wednesday,False
225,2020-08-13,13,8,3,2020,Thursday,False
226,2020-08-14,14,8,3,2020,Friday,False
227,2020-08-15,15,8,3,2020,Saturday,True
228,2020-08-16,16,8,3,2020,Sunday,True
229,2020-08-17,17,8,3,2020,Monday,False
230,2020-08-18,18,8,3,2020,Tuesday,False
231,2020-08-19,19,8,3,2020,Wednesday,False
232,2020-08-20,20,8,3,2020,Thursday,False
233,2020-08-21,21,8,3,2020,Friday,False
234,2020-08-22,22,8,3,2020,Saturday,True
235,2020-08-23,23,8,3,2020,Sunday,True
236,2020-08-24,24,8,3,2020,Monday,False
237,2020-08-25,25,8,3,2020,Tuesday,False
238,2020-08-26,26,8,3,2020,Wednesday,False
239,2020-08-27,27,8,3,2020,Thursday,False
240,2020-08-28,28,8,3,2020,Friday,False
241,2020-08-29,29,8,3,2020,Saturday,True
242,2020-08-30,30,8,3,2020,Sunday,True
243,2020-08-31,31,8,3,2020,Monday,False
244,2020-09-01,1,9,3,2020,Tuesday,False
245,2020-09-02,2,9,3,2020,Wednesday,False
246,2020-09-03,3,9,3,2020,Thursday,False
247,2020-09-04,4,9,3,2020,Friday,False
248,2020-09-05,5,9,3,2020,Saturday,True
249,2020-09-06,6,9,3,2020,Sunday,True
250,2020-09-07,7,9,3,2020,Monday,False
251,2020-09-08,8,9,3,2020,Tuesday,False
252,2020-09-09,9,9,3,2020,Wednesday,False
253,2020-09-10,10,9,3,2020,Thursday,False
254,2020-09-11,11,9,3,2020,Friday,False
255,2020-09-12,12,9,3,2020,Saturday,True
256,2020-09-13,13,9,3,2020,Sunday,True
257,2020-09-14,14,9,3,2020,Monday,False
258,2020-09-15,15,9,3,2020,Tuesday,False
259,2020-09-16,16,9,3,2020,Wednesday,False
260,2020-09-17,17,9,3,2020,Thursday,False
261,2020-09-18,18,9,3,2020,Friday,False
262,2020-09-19,19,9,3,2020,Saturday,True
263,2020-09-20,20,9,3,2020,Sunday,True
264,2020-09-21,21,9,3,2020,Monday,False
265,2020-09-22,22,9,3,2020,Tuesday,False
266,2020-09-23,23,9,3,2020,Wednesday,False
267,2020-09-24,24,9,3,2020,Thursday,False
268,2020-09-25,25,9,3,2020,Friday,False
269,2020-09-26,26,9,3,2020,Saturday,True
270,2020-09-27,27,9,3,2020,Sunday,True
271,2020-09-28,28,9,3,2020,Monday,False
272,2020-09-29,29,9,3,2020,Tuesday,False
273,2020-09-30,30,9,3,2020,Wednesday,False
274,2020-10-01,1,10,4,2020,Thursday,False
275,2020-10-02,2,10,4,2020,Friday,False
276,2020-10-03,3,10,4,2020,Saturday,True
277,2020-10-04,4,10,4,2020,Sunday,True
278,2020-10-05,5,10,4,2020,Monday,False
279,2020-10-06,6,10,4,2020,Tuesday,False
280,2020-10-07,7,10,4,2020,Wednesday,False
281,2020-10-08,8,10,4,2020,Thursday,False
282,2020-10-09,9,10,4,2020,Friday,False
283,2020-10-10,10,10,4,2020,Saturday,True
284,2020-10-11,11,10,4,2020,Sunday,True
285,2020-10-12,12,10,4,2020,Monday,False
286,2020-10-13,13,10,4,2020,Tuesday,False
287,2020-10-14,14,10,4,2020,Wednesday,False
288,2020-10-15,15,10,4,2020,Thursday,False
289,2020-10-16,16,10,4,2020,Friday,False
290,2020-10-17,17,10,4,2020,Saturday,True
291,2020-10-18,18,10,4,2020,Sunday,True
292,2020-10-19,19,10,4,2020,Monday,False
293,2020-10-20,20,10,4,2020,Tuesday,False
294,2020-10-21,21,10,4,2020,Wednesday,False
295,2020-10-22,22,10,4,2020,Thursday,False
296,2020-10-23,23,10,4,2020,Friday,False
297,2020-10-24,24,10,4,2020,Saturday,True
298,2020-10-25,25,10,4,2020,Sunday,True
299,2020-10-26,26,10,4,2020,Monday,False
300,2020-10-27,27,10,4,2020,Tuesday,False
301,2020-10-28,28,10,4,2020,Wednesday,False
302,2020-10-29,29,10,4,2020,Thursday,False
303,2020-10-30,30,10,4,2020,Friday,False
304,2020-10-31,31,10,4,2020,Saturday,True
305,2020-11-01,1,11,4,2020,Sunday,True
306,2020-11-02,2,11,4,2020,Monday,False
307,2020-11-03,3,11,4,2020,Tuesday,False
308,2020-11-04,4,11,4,2020,Wednesday,False
309,2020-11-05,5,11,4,2020,Thursday,False
310,2020-11-06,6,11,4,2020,Friday,False
311,2020-11-07,7,11,4,2020,Saturday,True
312,2020-11-08,8,11,4,2020,Sunday,True
313,2020-11-09,9,11,4,2020,Monday,False
314,2020-11-10,10,11,4,2020,Tuesday,False
315,2020-11-11,11,11,4,2020,Wednesday,False
316,2020-11-12,12,11,4,2020,Thursday,False
317,2020-11-13,13,11,4,2020,Friday,False
318,2020-11-14,14,11,4,2020,Saturday,True
319,2020-11-15,15,11,4,2020,Sunday,True
320,2020-11-16,16,11,4,2020,Monday,False
321,2020-11-17,17,11,4,2020,Tuesday,False
322,2020-11-18,18,11,4,2020,Wednesday,False
323,2020-11-19,19,11,4,2020,Thursday,False
324,2020-11-20,20,11,4,2020,Friday,False
325,2020-11-21,21,11,4,2020,Saturday,True
326,2020-11-22,22,11,4,2020,Sunday,True
327,2020-11-23,23,11,4,2020,Monday,False
328,2020-11-24,24,11,4,2020,Tuesday,False
329,2020-11-25,25,11,4,2020,Wednesday,False
330,2020-11-26,26,11,4,2020,Thursday,False
331,2020-11-27,27,11,4,2020,Friday,False
332,2020-11-28,28,11,4,2020,Saturday,True
333,2020-11-29,29,11,4,2020,Sunday,True
334,2020-11-30,30,11,4,2020,Monday,False
335,2020-12-01,1,12,4,2020,Tuesday,False
336,2020-12-02,2,12,4,2020,Wednesday,False
337,2020-12-03,3,12,4,2020,Thursday,False
338,2020-12-04,4,12,4,2020,Friday,False
339,2020-12-05,5,12,4,2020,Saturday,True
340,2020-12-06,6,12,4,2020,Sunday,True
341,2020-12-07,7,12,4,2020,Monday,False
342,2020-12-08,8,12,4,2020,Tuesday,False
343,2020-12-09,9,12,4,2020,Wednesday,False
344,2020-12-10,10,12,4,2020,Thursday,False
345,2020-12-11,11,12,4,2020,Friday,False
346,2020-12-12,12,12,4,2020,Saturday,True
347,2020-12-13,13,12,4,2020,Sunday,True
348,2020-12-14,14,12,4,2020,Monday,False
349,2020-12-15,15,12,4,2020,Tuesday,False
350,2020-12-16,16,12,4,2020,Wednesday,False
351,2020-12-17,17,12,4,2020,Thursday,False
352,2020-12-18,18,12,4,2020,Friday,False
353,2020-12-19,19,12,4,2020,Saturday,True
354,2020-12-20,20,12,4,2020,Sunday,True
355,2020-12-21,21,12,4,2020,Monday,False
356,2020-12-22,22,12,4,2020,Tuesday,False
357,2020-12-23,23,12,4,2020,Wednesday,False
358,2020-12-24,24,12,4,2020,Thursday,False
359,2020-12-25,25,12,4,2020,Friday,False
360,2020-12-26,26,12,4,2020,Saturday,True
361,2020-12-27,27,12,4,2020,Sunday,True
362,2020-12-28,28,12,4,2020,Monday,False
363,2020-12-29,29,12,4,2020,Tuesday,False
364,2020-12-30,30,12,4,2020,Wednesday,False
365,2020-12-31,31,12,4,2020,Thursday,False
366,2021-01-01,1,1,1,2021,Friday,False
367,2021-01-02,2,1,1,2021,Saturday,True
368,2021-01-03,3,1,1,2021,Sunday,True
369,2021-01-04,4,1,1,2021,Monday,False
370,2021-01-05,5,1,1,2021,Tuesday,False
371,2021-01-06,6,1,1,2021,Wednesday,False
372,2021-01-07,7,1,1,2021,Thursday,False
373,2021-01-08,8,1,1,2021,Friday,False
374,2021-01-09,9,1,1,2021,Saturday,True
375,2021-01-10,10,1,1,2021,Sunday,True
376,2021-01-11,11,1,1,2021,Monday,False
377,2021-01-12,12,1,1,2021,Tuesday,False
378,2021-01-13,13,1,1,2021,Wednesday,False
379,2021-01-14,14,1,1,2021,Thursday,False
380,2021-01-15,15,1,1,2021,Friday,False
381,2021-01-16,16,1,1,2021,Saturday,True
382,2021-01-17,17,1,1,2021,Sunday,True
383,2021-01-18,18,1,1,2021,Monday,False
384,2021-01-19,19,1,1,2021,Tuesday,False
385,2021-01-20,20,1,1,2021,Wednesday,False
386,2021-01-21,21,1,1,2021,Thursday,False
387,2021-01-22,22,1,1,2021,Friday,False
388,2021-01-23,23,1,1,2021,Saturday,True
389,2021-01-24,24,1,1,2021,Sunday,True
390,2021-01-25,25,1,1,2021,Monday,False
391,2021-01-26,26,1,1,2021,Tuesday,False
392,2021-01-27,27,1,1,2021,Wednesday,False
393,2021-01-28,28,1,1,2021,Thursday,False
394,2021-01-29,29,1,1,2021,Friday,False
395,2021-01-30,30,1,1,2021,Saturday,True
396,2021-01-31,31,1,1,2021,Sunday,True
397,2021-02-01,1,2,1,2021,Monday,False
398,2021-02-02,2,2,1,2021,Tuesday,False
399,2021-02-03,3,2,1,2021,Wednesday,False
400,2021-02-04,4,2,1,2021,Thursday,False
401,2021-02-05,5,2,1,2021,Friday,False
402,2021-02-06,6,2,1,2021,Saturday,True
403,2021-02-07,7,2,1,2021,Sunday,True
404,2021-02-08,8,2,1,2021,Monday,False
405,2021-02-09,9,2,1,2021,Tuesday,False
406,2021-02-10,10,2,1,2021,Wednesday,False
407,2021-02-11,11,2,1,2021,Thursday,False
408,2021-02-12,12,2,1,2021,Friday,False
409,2021-02-13,13,2,1,2021,Saturday,True
410,2021-02-14,14,2,1,2021,Sunday,True
411,2021-02-15,15,2,1,2021,Monday,False
412,2021-02-16,16,2,1,2021,Tuesday,False
413,2021-02-17,17,2,1,2021,Wednesday,False
414,2021-02-18,18,2,1,2021,Thursday,False
415,2021-02-19,19,2,1,2021,Friday,False
416,2021-02-20,20,2,1,2021,Saturday,True
417,2021-02-21,21,2,1,2021,Sunday,True
418,2021-02-22,22,2,1,2021,Monday,False
419,2021-02-23,23,2,1,2021,Tuesday,False
420,2021-02-24,24,2,1,2021,Wednesday,False
421,2021-02-25,25,2,1,2021,Thursday,False
422,2021-02-26,26,2,1,2021,Friday,False
423,2021-02-27,27,2,1,2021,Saturday,True
424,2021-02-28,28,2,1,2021,Sunday,True
425,2021-03-01,1,3,1,2021,Monday,False
426,2021-03-02,2,3,1,2021,Tuesday,False
427,2021-03-03,3,3,1,2021,Wednesday,False
428,2021-03-04,4,3,1,2021,Thursday,False
429,2021-03-05,5,3,1,2021,Friday,False
430,2021-03-06,6,3,1,2021,Saturday,True
431,2021-03-07,7,3,1,2021,Sunday,True
432,2021-03-08,8,3,1,2021,Monday,False
433,2021-03-09,9,3,1,2021,Tuesday,False
434,2021-03-10,10,3,1,2021,Wednesday,False
435,2021-03-11,11,3,1,2021,Thursday,False
436,2021-03-12,12,3,1,2021,Friday,False
437,2021-03-13,13,3,1,2021,Saturday,True
438,2021-03-14,14,3,1,2021,Sunday,True
439,2021-03-15,15,3,1,2021,Monday,False
440,2021-03-16,16,3,1,2021,Tuesday,False
441,2021-03-17,17,3,1,2021,Wednesday,False
442,2021-03-18,18,3,1,2021,Thursday,False
443,2021-03-19,19,3,1,2021,Friday,False
444,2021-03-20,20,3,1,2021,Saturday,True
445,2021-03-21,21,3,1,2021,Sunday,True
446,2021-03-22,22,3,1,2021,Monday,False
447,2021-03-23,23,3,1,2021,Tuesday,False
448,2021-03-24,24,3,1,2021,Wednesday,False
449,2021-03-25,25,3,1,2021,Thursday,False
450,2021-03-26,26,3,1,2021,Friday,False
451,2021-03-27,27,3,1,2021,Saturday,True
452,2021-03-28,28,3,1,2021,Sunday,True
453,2021-03-29,29,3,1,2021,Monday,False
454,2021-03-30,30,3,1,2021,Tuesday,False
455,2021-03-31,31,3,1,2021,Wednesday,False
456,2021-04-01,1,4,2,2021,Thursday,False
457,2021-04-02,2,4,2,2021,Friday,False
458,2021-04-03,3,4,2,2021,Saturday,True
459,2021-04-04,4,4,2,2021,Sunday,True
460,2021-04-05,5,4,2,2021,Monday,False
461,2021-04-06,6,4,2,2021,Tuesday,False
462,2021-04-07,7,4,2,2021,Wednesday,False
463,2021-04-08,8,4,2,2021,Thursday,False
464,2021-04-09,9,4,2,2021,Friday,False
465,2021-04-10,10,4,2,2021,Saturday,True
466,2021-04-11,11,4,2,2021,Sunday,True
467,2021-04-12,12,4,2,2021,Monday,False
468,2021-04-13,13,4,2,2021,Tuesday,False
469,2021-04-14,14,4,2,2021,Wednesday,False
470,2021-04-15,15,4,2,2021,Thursday,False
471,2021-04-16,16,4,2,2021,Friday,False
472,2021-04-17,17,4,2,2021,Saturday,True
473,2021-04-18,18,4,2,2021,Sunday,True
474,2021-04-19,19,4,2,2021,Monday,False
475,2021-04-20,20,4,2,2021,Tuesday,False
476,2021-04-21,21,4,2,2021,Wednesday,False
477,2021-04-22,22,4,2,2021,Thursday,False
478,2021-04-23,23,4,2,2021,Friday,False
479,2021-04-24,24,4,2,2021,Saturday,True
480,2021-04-25,25,4,2,2021,Sunday,True
481,2021-04-26,26,4,2,2021,Monday,False
482,2021-04-27,27,4,2,2021,Tuesday,False
483,2021-04-28,28,4,2,2021,Wednesday,False
484,2021-04-29,29,4,2,2021,Thursday,False
485,2021-04-30,30,4,2,2021,Friday,False
486,2021-05-01,1,5,2,2021,Saturday,True
487,2021-05-02,2,5,2,2021,Sunday,True
488,2021-05-03,3,5,2,2021,Monday,False
489,2021-05-04,4,5,2,2021,Tuesday,False
490,2021-05-05,5,5,2,2021,Wednesday,False
491,2021-05-06,6,5,2,2021,Thursday,False
492,2021-05-07,7,5,2,2021,Friday,False
493,2021-05-08,8,5,2,2021,Saturday,True
494,2021-05-09,9,5,2,2021,Sunday,True
495,2021-05-10,10,5,2,2021,Monday,False
496,2021-05-11,11,5,2,2021,Tuesday,False
497,2021-05-12,12,5,2,2021,Wednesday,False
498,2021-05-13,13,5,2,2021,Thursday,False
499,2021-05-14,14,5,2,2021,Friday,False
500,2021-05-15,15,5,2,2021,Saturday,True
501,2021-05-16,16,5,2,2021,Sunday,True
502,2021-05-17,17,5,2,2021,Monday,False
503,2021-05-18,18,5,2,2021,Tuesday,False
504,2021-05-19,19,5,2,2021,Wednesday,False
505,2021-05-20,20,5,2,2021,Thursday,False
506,2021-05-21,21,5,2,2021,Friday,False
507,2021-05-22,22,5,2,2021,Saturday,True
508,2021-05-23,23,5,2,2021,Sunday,True
509,2021-05-24,24,5,2,2021,Monday,False
510,2021-05-25,25,5,2,2021,Tuesday,False
511,2021-05-26,26,5,2,2021,Wednesday,False
512,2021-05-27,27,5,2,2021,Thursday,False
513,2021-05-28,28,5,2,2021,Friday,False
514,2021-05-29,29,5,2,2021,Saturday,True
515,2021-05-30,30,5,2,2021,Sunday,True
516,2021-05-31,31,5,2,2021,Monday,False
517,2021-06-01,1,6,2,2021,Tuesday,False
518,2021-06-02,2,6,2,2021,Wednesday,False
519,2021-06-03,3,6,2,2021,Thursday,False
520,2021-06-04,4,6,2,2021,Friday,False
521,2021-06-05,5,6,2,2021,Saturday,True
522,2021-06-06,6,6,2,2021,Sunday,True
523,2021-06-07,7,6,2,2021,Monday,False
524,2021-06-08,8,6,2,2021,Tuesday,False
525,2021-06-09,9,6,2,2021,Wednesday,False
526,2021-06-10,10,6,2,2021,Thursday,False
527,2021-06-11,11,6,2,2021,Friday,False
528,2021-06-12,12,6,2,2021,Saturday,True
529,2021-06-13,13,6,2,2021,Sunday,True
530,2021-06-14,14,6,2,2021,Monday,False
531,2021-06-15,15,6,2,2021,Tuesday,False
532,2021-06-16,16,6,2,2021,Wednesday,False
533,2021-06-17,17,6,2,2021,Thursday,False
534,2021-06-18,18,6,2,2021,Friday,False
535,2021-06-19,19,6,2,2021,Saturday,True
536,2021-06-20,20,6,2,2021,Sunday,True
537,2021-06-21,21,6,2,2021,Monday,False
538,2021-06-22,22,6,2,2021,Tuesday,False
539,2021-06-23,23,6,2,2021,Wednesday,False
540,2021-06-24,24,6,2,2021,Thursday,False
541,2021-06-25,25,6,2,2021,Friday,False
542,2021-06-26,26,6,2,2021,Saturday,True
543,2021-06-27,27,6,2,2021,Sunday,True
544,2021-06-28,28,6,2,2021,Monday,False
545,2021-06-29,29,6,2,2021,Tuesday,False
546,2021-06-30,30,6,2,2021,Wednesday,False
547,2021-07-01,1,7,3,2021,Thursday,False
548,2021-07-02,2,7,3,2021,Friday,False
549,2021-07-03,3,7,3,2021,Saturday,True
550,2021-07-04,4,7,3,2021,Sunday,True
551,2021-07-05,5,7,3,2021,Monday,False
552,2021-07-06,6,7,3,2021,Tuesday,False
553,2021-07-07,7,7,3,2021,Wednesday,False
554,2021-07-08,8,7,3,2021,Thursday,False
555,2021-07-09,9,7,3,2021,Friday,False
556,2021-07-10,10,7,3,2021,Saturday,True
557,2021-07-11,11,7,3,2021,Sunday,True
558,2021-07-12,12,7,3,2021,Monday,False
559,2021-07-13,13,7,3,2021,Tuesday,False
560,2021-07-14,14,7,3,2021,Wednesday,False
561,2021-07-15,15,7,3,2021,Thursday,False
562,2021-07-16,16,7,3,2021,Friday,False
563,2021-07-17,17,7,3,2021,Saturday,True
564,2021-07-18,18,7,3,2021,Sunday,True
565,2021-07-19,19,7,3,2021,Monday,False
566,2021-07-20,20,7,3,2021,Tuesday,False
567,2021-07-21,21,7,3,2021,Wednesday,False
568,2021-07-22,22,7,3,2021,Thursday,False
569,2021-07-23,23,7,3,2021,Friday,False
570,2021-07-24,24,7,3,2021,Saturday,True
571,2021-07-25,25,7,3,2021,Sunday,True
572,2021-07-26,26,7,3,2021,Monday,False
573,2021-07-27,27,7,3,2021,Tuesday,False
574,2021-07-28,28,7,3,2021,Wednesday,False
575,2021-07-29,29,7,3,2021,Thursday,False
576,2021-07-30,30,7,3,2021,Friday,False
577,2021-07-31,31,7,3,2021,Saturday,True
578,2021-08-01,1,8,3,2021,Sunday,True
579,2021-08-02,2,8,3,2021,Monday,False
580,2021-08-03,3,8,3,2021,Tuesday,False
581,2021-08-04,4,8,3,2021,Wednesday,False
582,2021-08-05,5,8,3,2021,Thursday,False
583,2021-08-06,6,8,3,2021,Friday,False
584,2021-08-07,7,8,3,2021,Saturday,True
585,2021-08-08,8,8,3,2021,Sunday,True
586,2021-08-09,9,8,3,2021,Monday,False
587,2021-08-10,10,8,3,2021,Tuesday,False
588,2021-08-11,11,8,3,2021,Wednesday,False
589,2021-08-12,12,8,3,2021,Thursday,False
590,2021-08-13,13,8,3,2021,Friday,False
591,2021-08-14,14,8,3,2021,Saturday,True
592,2021-08-15,15,8,3,2021,Sunday,True
593,2021-08-16,16,8,3,2021,Monday,False
594,2021-08-17,17,8,3,2021,Tuesday,False
595,2021-08-18,18,8,3,2021,Wednesday,False
596,2021-08-19,19,8,3,2021,Thursday,False
597,2021-08-20,20,8,3,2021,Friday,False
598,2021-08-21,21,8,3,2021,Saturday,True
599,2021-08-22,22,8,3,2021,Sunday,True
600,2021-08-23,23,8,3,2021,Monday,False
601,2021-08-24,24,8,3,2021,Tuesday,False
602,2021-08-25,25,8,3,2021,Wednesday,False
603,2021-08-26,26,8,3,2021,Thursday,False
604,2021-08-27,27,8,3,2021,Friday,False
605,2021-08-28,28,8,3,2021,Saturday,True
606,2021-08-29,29,8,3,2021,Sunday,True
607,2021-08-30,30,8,3,2021,Monday,False
608,2021-08-31,31,8,3,2021,Tuesday,False
609,2021-09-01,1,9,3,2021,Wednesday,False
610,2021-09-02,2,9,3,2021,Thursday,False
611,2021-09-03,3,9,3,2021,Friday,False
612,2021-09-04,4,9,3,2021,Saturday,True
613,2021-09-05,5,9,3,2021,Sunday,True
614,2021-09-06,6,9,3,2021,Monday,False
615,2021-09-07,7,9,3,2021,Tuesday,False
616,2021-09-08,8,9,3,2021,Wednesday,False
617,2021-09-09,9,9,3,2021,Thursday,False
618,2021-09-10,10,9,3,2021,Friday,False
619,2021-09-11,11,9,3,2021,Saturday,True
620,2021-09-12,12,9,3,2021,Sunday,True
621,2021-09-13,13,9,3,2021,Monday,False
622,2021-09-14,14,9,3,2021,Tuesday,False
623,2021-09-15,15,9,3,2021,Wednesday,False
624,2021-09-16,16,9,3,2021,Thursday,False
625,2021-09-17,17,9,3,2021,Friday,False
626,2021-09-18,18,9,3,2021,Saturday,True
627,2021-09-19,19,9,3,2021,Sunday,True
628,2021-09-20,20,9,3,2021,Monday,False
629,2021-09-21,21,9,3,2021,Tuesday,False
630,2021-09-22,22,9,3,2021,Wednesday,False
631,2021-09-23,23,9,3,2021,Thursday,False
632,2021-09-24,24,9,3,2021,Friday,False
633,2021-09-25,25,9,3,2021,Saturday,True
634,2021-09-26,26,9,3,2021,Sunday,True
635,2021-09-27,27,9,3,2021,Monday,False
636,2021-09-28,28,9,3,2021,Tuesday,False
637,2021-09-29,29,9,3,2021,Wednesday,False
638,2021-09-30,30,9,3,2021,Thursday,False
639,2021-10-01,1,10,4,2021,Friday,False
640,2021-10-02,2,10,4,2021,Saturday,True
641,2021-10-03,3,10,4,2021,Sunday,True
642,2021-10-04,4,10,4,2021,Monday,False
643,2021-10-05,5,10,4,2021,Tuesday,False
644,2021-10-06,6,10,4,2021,Wednesday,False
645,2021-10-07,7,10,4,2021,Thursday,False
646,2021-10-08,8,10,4,2021,Friday,False
647,2021-10-09,9,10,4,2021,Saturday,True
648,2021-10-10,10,10,4,2021,Sunday,True
649,2021-10-11,11,10,4,2021,Monday,False
650,2021-10-12,12,10,4,2021,Tuesday,False
651,2021-10-13,13,10,4,2021,Wednesday,False
652,2021-10-14,14,10,4,2021,Thursday,False
653,2021-10-15,15,10,4,2021,Friday,False
654,2021-10-16,16,10,4,2021,Saturday,True
655,2021-10-17,17,10,4,2021,Sunday,True
656,2021-10-18,18,10,4,2021,Monday,False
657,2021-10-19,19,10,4,2021,Tuesday,False
658,2021-10-20,20,10,4,2021,Wednesday,False
659,2021-10-21,21,10,4,2021,Thursday,False
660,2021-10-22,22,10,4,2021,Friday,False
661,2021-10-23,23,10,4,2021,Saturday,True
662,2021-10-24,24,10,4,2021,Sunday,True
663,2021-10-25,25,10,4,2021,Monday,False
664,2021-10-26,26,10,4,2021,Tuesday,False
665,2021-10-27,27,10,4,2021,Wednesday,False
666,2021-10-28,28,10,4,2021,Thursday,False
667,2021-10-29,29,10,4,2021,Friday,False
668,2021-10-30,30,10,4,2021,Saturday,True
669,2021-10-31,31,10,4,2021,Sunday,True
670,2021-11-01,1,11,4,2021,Monday,False
671,2021-11-02,2,11,4,2021,Tuesday,False
672,2021-11-03,3,11,4,2021,Wednesday,False
673,2021-11-04,4,11,4,2021,Thursday,False
674,2021-11-05,5,11,4,2021,Friday,False
675,2021-11-06,6,11,4,2021,Saturday,True
676,2021-11-07,7,11,4,2021,Sunday,True
677,2021-11-08,8,11,4,2021,Monday,False
678,2021-11-09,9,11,4,2021,Tuesday,False
679,2021-11-10,10,11,4,2021,Wednesday,False
680,2021-11-11,11,11,4,2021,Thursday,False
681,2021-11-12,12,11,4,2021,Friday,False
682,2021-11-13,13,11,4,2021,Saturday,True
683,2021-11-14,14,11,4,2021,Sunday,True
684,2021-11-15,15,11,4,2021,Monday,False
685,2021-11-16,16,11,4,2021,Tuesday,False
686,2021-11-17,17,11,4,2021,Wednesday,False
687,2021-11-18,18,11,4,2021,Thursday,False
688,2021-11-19,19,11,4,2021,Friday,False
689,2021-11-20,20,11,4,2021,Saturday,True
690,2021-11-21,21,11,4,2021,Sunday,True
691,2021-11-22,22,11,4,2021,Monday,False
692,2021-11-23,23,11,4,2021,Tuesday,False
693,2021-11-24,24,11,4,2021,Wednesday,False
694,2021-11-25,25,11,4,2021,Thursday,False
695,2021-11-26,26,11,4,2021,Friday,False
696,2021-11-27,27,11,4,2021,Saturday,True
697,2021-11-28,28,11,4,2021,Sunday,True
698,2021-11-29,29,11,4,2021,Monday,False
699,2021-11-30,30,11,4,2021,Tuesday,False
700,2021-12-01,1,12,4,2021,Wednesday,False
701,2021-12-02,2,12,4,2021,Thursday,False
702,2021-12-03,3,12,4,2021,Friday,False
703,2021-12-04,4,12,4,2021,Saturday,True
704,2021-12-05,5,12,4,2021,Sunday,True
705,2021-12-06,6,12,4,2021,Monday,False
706,2021-12-07,7,12,4,2021,Tuesday,False
707,2021-12-08,8,12,4,2021,Wednesday,False
708,2021-12-09,9,12,4,2021,Thursday,False
709,2021-12-10,10,12,4,2021,Friday,False
710,2021-12-11,11,12,4,2021,Saturday,True
711,2021-12-12,12,12,4,2021,Sunday,True
712,2021-12-13,13,12,4,2021,Monday,False
713,2021-12-14,14,12,4,2021,Tuesday,False
714,2021-12-15,15,12,4,2021,Wednesday,False
715,2021-12-16,16,12,4,2021,Thursday,False
716,2021-12-17,17,12,4,2021,Friday,False
717,2021-12-18,18,12,4,2021,Saturday,True
718,2021-12-19,19,12,4,2021,Sunday,True
719,2021-12-20,20,12,4,2021,Monday,False
720,2021-12-21,21,12,4,2021,Tuesday,False
721,2021-12-22,22,12,4,2021,Wednesday,False
722,2021-12-23,23,12,4,2021,Thursday,False
723,2021-12-24,24,12,4,2021,Friday,False
724,2021-12-25,25,12,4,2021,Saturday,True
725,2021-12-26,26,12,4,2021,Sunday,True
726,2021-12-27,27,12,4,2021,Monday,False
727,2021-12-28,28,12,4,2021,Tuesday,False
728,2021-12-29,29,12,4,2021,Wednesday,False
729,2021-12-30,30,12,4,2021,Thursday,False
730,2021-12-31,31,12,4,2021,Friday,False
731,2022-01-01,1,1,1,2022,Saturday,True
732,2022-01-02,2,1,1,2022,Sunday,True
733,2022-01-03,3,1,1,2022,Monday,False
734,2022-01-04,4,1,1,2022,Tuesday,False
735,2022-01-05,5,1,1,2022,Wednesday,False
736,2022-01-06,6,1,1,2022,Thursday,False
737,2022-01-07,7,1,1,2022,Friday,False
738,2022-01-08,8,1,1,2022,Saturday,True
739,2022-01-09,9,1,1,2022,Sunday,True
740,2022-01-10,10,1,1,2022,Monday,False
741,2022-01-11,11,1,1,2022,Tuesday,False
742,2022-01-12,12,1,1,2022,Wednesday,False
743,2022-01-13,13,1,1,2022,Thursday,False
744,2022-01-14,14,1,1,2022,Friday,False
745,2022-01-15,15,1,1,2022,Saturday,True
746,2022-01-16,16,1,1,2022,Sunday,True
747,2022-01-17,17,1,1,2022,Monday,False
748,2022-01-18,18,1,1,2022,Tuesday,False
749,2022-01-19,19,1,1,2022,Wednesday,False
750,2022-01-20,20,1,1,2022,Thursday,False
751,2022-01-21,21,1,1,2022,Friday,False
752,2022-01-22,22,1,1,2022,Saturday,True
753,2022-01-23,23,1,1,2022,Sunday,True
754,2022-01-24,24,1,1,2022,Monday,False
755,2022-01-25,25,1,1,2022,Tuesday,False
756,2022-01-26,26,1,1,2022,Wednesday,False
757,2022-01-27,27,1,1,2022,Thursday,False
758,2022-01-28,28,1,1,2022,Friday,False
759,2022-01-29,29,1,1,2022,Saturday,True
760,2022-01-30,30,1,1,2022,Sunday,True
761,2022-01-31,31,1,1,2022,Monday,False
762,2022-02-01,1,2,1,2022,Tuesday,False
763,2022-02-02,2,2,1,2022,Wednesday,False
764,2022-02-03,3,2,1,2022,Thursday,False
765,2022-02-04,4,2,1,2022,Friday,False
766,2022-02-05,5,2,1,2022,Saturday,True
767,2022-02-06,6,2,1,2022,Sunday,True
768,2022-02-07,7,2,1,2022,Monday,False
769,2022-02-08,8,2,1,2022,Tuesday,False
770,2022-02-09,9,2,1,2022,Wednesday,False
771,2022-02-10,10,2,1,2022,Thursday,False
772,2022-02-11,11,2,1,2022,Friday,False
773,2022-02-12,12,2,1,2022,Saturday,True
774,2022-02-13,13,2,1,2022,Sunday,True
775,2022-02-14,14,2,1,2022,Monday,False
776,2022-02-15,15,2,1,2022,Tuesday,False
777,2022-02-16,16,2,1,2022,Wednesday,False
778,2022-02-17,17,2,1,2022,Thursday,False
779,2022-02-18,18,2,1,2022,Friday,False
780,2022-02-19,19,2,1,2022,Saturday,True
781,2022-02-20,20,2,1,2022,Sunday,True
782,2022-02-21,21,2,1,2022,Monday,False
783,2022-02-22,22,2,1,2022,Tuesday,False
784,2022-02-23,23,2,1,2022,Wednesday,False
785,2022-02-24,24,2,1,2022,Thursday,False
786,2022-02-25,25,2,1,2022,Friday,False
787,2022-02-26,26,2,1,2022,Saturday,True
788,2022-02-27,27,2,1,2022,Sunday,True
789,2022-02-28,28,2,1,2022,Monday,False
790,2022-03-01,1,3,1,2022,Tuesday,False
791,2022-03-02,2,3,1,2022,Wednesday,False
792,2022-03-03,3,3,1,2022,Thursday,False
793,2022-03-04,4,3,1,2022,Friday,False
794,2022-03-05,5,3,1,2022,Saturday,True
795,2022-03-06,6,3,1,2022,Sunday,True
796,2022-03-07,7,3,1,2022,Monday,False
797,2022-03-08,8,3,1,2022,Tuesday,False
798,2022-03-09,9,3,1,2022,Wednesday,False
799,2022-03-10,10,3,1,2022,Thursday,False
800,2022-03-11,11,3,1,2022,Friday,False
801,2022-03-12,12,3,1,2022,Saturday,True
802,2022-03-13,13,3,1,2022,Sunday,True
803,2022-03-14,14,3,1,2022,Monday,False
804,2022-03-15,15,3,1,2022,Tuesday,False
805,2022-03-16,16,3,1,2022,Wednesday,False
806,2022-03-17,17,3,1,2022,Thursday,False
807,2022-03-18,18,3,1,2022,Friday,False
808,2022-03-19,19,3,1,2022,Saturday,True
809,2022-03-20,20,3,1,2022,Sunday,True
810,2022-03-21,21,3,1,2022,Monday,False
811,2022-03-22,22,3,1,2022,Tuesday,False
812,2022-03-23,23,3,1,2022,Wednesday,False
813,2022-03-24,24,3,1,2022,Thursday,False
814,2022-03-25,25,3,1,2022,Friday,False
815,2022-03-26,26,3,1,2022,Saturday,True
816,2022-03-27,27,3,1,2022,Sunday,True
817,2022-03-28,28,3,1,2022,Monday,False
818,2022-03-29,29,3,1,2022,Tuesday,False
819,2022-03-30,30,3,1,2022,Wednesday,False
820,2022-03-31,31,3,1,2022,Thursday,False
821,2022-04-01,1,4,2,2022,Friday,False
822,2022-04-02,2,4,2,2022,Saturday,True
823,2022-04-03,3,4,2,2022,Sunday,True
824,2022-04-04,4,4,2,2022,Monday,False
825,2022-04-05,5,4,2,2022,Tuesday,False
826,2022-04-06,6,4,2,2022,Wednesday,False
827,2022-04-07,7,4,2,2022,Thursday,False
828,2022-04-08,8,4,2,2022,Friday,False
829,2022-04-09,9,4,2,2022,Saturday,True
830,2022-04-10,10,4,2,2022,Sunday,True
831,2022-04-11,11,4,2,2022,Monday,False
832,2022-04-12,12,4,2,2022,Tuesday,False
833,2022-04-13,13,4,2,2022,Wednesday,False
834,2022-04-14,14,4,2,2022,Thursday,False
835,2022-04-15,15,4,2,2022,Friday,False
836,2022-04-16,16,4,2,2022,Saturday,True
837,2022-04-17,17,4,2,2022,Sunday,True
838,2022-04-18,18,4,2,2022,Monday,False
839,2022-04-19,19,4,2,2022,Tuesday,False
840,2022-04-20,20,4,2,2022,Wednesday,False
841,2022-04-21,21,4,2,2022,Thursday,False
842,2022-04-22,22,4,2,2022,Friday,False
843,2022-04-23,23,4,2,2022,Saturday,True
844,2022-04-24,24,4,2,2022,Sunday,True
845,2022-04-25,25,4,2,2022,Monday,False
846,2022-04-26,26,4,2,2022,Tuesday,False
847,2022-04-27,27,4,2,2022,Wednesday,False
848,2022-04-28,28,4,2,2022,Thursday,False
849,2022-04-29,29,4,2,2022,Friday,False
850,2022-04-30,30,4,2,2022,Saturday,True
851,2022-05-01,1,5,2,2022,Sunday,True
852,2022-05-02,2,5,2,2022,Monday,False
853,2022-05-03,3,5,2,2022,Tuesday,False
854,2022-05-04,4,5,2,2022,Wednesday,False
855,2022-05-05,5,5,2,2022,Thursday,False
856,2022-05-06,6,5,2,2022,Friday,False
857,2022-05-07,7,5,2,2022,Saturday,True
858,2022-05-08,8,5,2,2022,Sunday,True
859,2022-05-09,9,5,2,2022,Monday,False
860,2022-05-10,10,5,2,2022,Tuesday,False
861,2022-05-11,11,5,2,2022,Wednesday,False
862,2022-05-12,12,5,2,2022,Thursday,False
863,2022-05-13,13,5,2,2022,Friday,False
864,2022-05-14,14,5,2,2022,Saturday,True
865,2022-05-15,15,5,2,2022,Sunday,True
866,2022-05-16,16,5,2,2022,Monday,False
867,2022-05-17,17,5,2,2022,Tuesday,False
868,2022-05-18,18,5,2,2022,Wednesday,False
869,2022-05-19,19,5,2,2022,Thursday,False
870,2022-05-20,20,5,2,2022,Friday,False
871,2022-05-21,21,5,2,2022,Saturday,True
872,2022-05-22,22,5,2,2022,Sunday,True
873,2022-05-23,23,5,2,2022,Monday,False
874,2022-05-24,24,5,2,2022,Tuesday,False
875,2022-05-25,25,5,2,2022,Wednesday,False
876,2022-05-26,26,5,2,2022,Thursday,False
877,2022-05-27,27,5,2,2022,Friday,False
878,2022-05-28,28,5,2,2022,Saturday,True
879,2022-05-29,29,5,2,2022,Sunday,True
880,2022-05-30,30,5,2,2022,Monday,False
881,2022-05-31,31,5,2,2022,Tuesday,False
882,2022-06-01,1,6,2,2022,Wednesday,False
883,2022-06-02,2,6,2,2022,Thursday,False
884,2022-06-03,3,6,2,2022,Friday,False
885,2022-06-04,4,6,2,2022,Saturday,True
886,2022-06-05,5,6,2,2022,Sunday,True
887,2022-06-06,6,6,2,2022,Monday,False
888,2022-06-07,7,6,2,2022,Tuesday,False
889,2022-06-08,8,6,2,2022,Wednesday,False
890,2022-06-09,9,6,2,2022,Thursday,False
891,2022-06-10,10,6,2,2022,Friday,False
892,2022-06-11,11,6,2,2022,Saturday,True
893,2022-06-12,12,6,2,2022,Sunday,True
894,2022-06-13,13,6,2,2022,Monday,False
895,2022-06-14,14,6,2,2022,Tuesday,False
896,2022-06-15,15,6,2,2022,Wednesday,False
897,2022-06-16,16,6,2,2022,Thursday,False
898,2022-06-17,17,6,2,2022,Friday,False
899,2022-06-18,18,6,2,2022,Saturday,True
900,2022-06-19,19,6,2,2022,Sunday,True
901,2022-06-20,20,6,2,2022,Monday,False
902,2022-06-21,21,6,2,2022,Tuesday,False
903,2022-06-22,22,6,2,2022,Wednesday,False
904,2022-06-23,23,6,2,2022,Thursday,False
905,2022-06-24,24,6,2,2022,Friday,False
906,2022-06-25,25,6,2,2022,Saturday,True
907,2022-06-26,26,6,2,2022,Sunday,True
908,2022-06-27,27,6,2,2022,Monday,False
909,2022-06-28,28,6,2,2022,Tuesday,False
910,2022-06-29,29,6,2,2022,Wednesday,False
911,2022-06-30,30,6,2,2022,Thursday,False
912,2022-07-01,1,7,3,2022,Friday,False
913,2022-07-02,2,7,3,2022,Saturday,True
914,2022-07-03,3,7,3,2022,Sunday,True
915,2022-07-04,4,7,3,2022,Monday,False
916,2022-07-05,5,7,3,2022,Tuesday,False
917,2022-07-06,6,7,3,2022,Wednesday,False
918,2022-07-07,7,7,3,2022,Thursday,False
919,2022-07-08,8,7,3,2022,Friday,False
920,2022-07-09,9,7,3,2022,Saturday,True
921,2022-07-10,10,7,3,2022,Sunday,True
922,2022-07-11,11,7,3,2022,Monday,False
923,2022-07-12,12,7,3,2022,Tuesday,False
924,2022-07-13,13,7,3,2022,Wednesday,False
925,2022-07-14,14,7,3,2022,Thursday,False
926,2022-07-15,15,7,3,2022,Friday,False
927,2022-07-16,16,7,3,2022,Saturday,True
928,2022-07-17,17,7,3,2022,Sunday,True
929,2022-07-18,18,7,3,2022,Monday,False
930,2022-07-19,19,7,3,2022,Tuesday,False
931,2022-07-20,20,7,3,2022,Wednesday,False
932,2022-07-21,21,7,3,2022,Thursday,False
933,2022-07-22,22,7,3,2022,Friday,False
934,2022-07-23,23,7,3,2022,Saturday,True
935,2022-07-24,24,7,3,2022,Sunday,True
936,2022-07-25,25,7,3,2022,Monday,False
937,2022-07-26,26,7,3,2022,Tuesday,False
938,2022-07-27,27,7,3,2022,Wednesday,False
939,2022-07-28,28,7,3,2022,Thursday,False
940,2022-07-29,29,7,3,2022,Friday,False
941,2022-07-30,30,7,3,2022,Saturday,True
942,2022-07-31,31,7,3,2022,Sunday,True
943,2022-08-01,1,8,3,2022,Monday,False
944,2022-08-02,2,8,3,2022,Tuesday,False
945,2022-08-03,3,8,3,2022,Wednesday,False
946,2022-08-04,4,8,3,2022,Thursday,False
947,2022-08-05,5,8,3,2022,Friday,False
948,2022-08-06,6,8,3,2022,Saturday,True
949,2022-08-07,7,8,3,2022,Sunday,True
950,2022-08-08,8,8,3,2022,Monday,False
951,2022-08-09,9,8,3,2022,Tuesday,False
952,2022-08-10,10,8,3,2022,Wednesday,False
953,2022-08-11,11,8,3,2022,Thursday,False
954,2022-08-12,12,8,3,2022,Friday,False
955,2022-08-13,13,8,3,2022,Saturday,True
956,2022-08-14,14,8,3,2022,Sunday,True
957,2022-08-15,15,8,3,2022,Monday,False
958,2022-08-16,16,8,3,2022,Tuesday,False
959,2022-08-17,17,8,3,2022,Wednesday,False
960,2022-08-18,18,8,3,2022,Thursday,False
961,2022-08-19,19,8,3,2022,Friday,False
962,2022-08-20,20,8,3,2022,Saturday,True
963,2022-08-21,21,8,3,2022,Sunday,True
964,2022-08-22,22,8,3,2022,Monday,False
965,2022-08-23,23,8,3,2022,Tuesday,False
966,2022-08-24,24,8,3,2022,Wednesday,False
967,2022-08-25,25,8,3,2022,Thursday,False
968,2022-08-26,26,8,3,2022,Friday,False
969,2022-08-27,27,8,3,2022,Saturday,True
970,2022-08-28,28,8,3,2022,Sunday,True
971,2022-08-29,29,8,3,2022,Monday,False
972,2022-08-30,30,8,3,2022,Tuesday,False
973,2022-08-31,31,8,3,2022,Wednesday,False
974,2022-09-01,1,9,3,2022,Thursday,False
975,2022-09-02,2,9,3,2022,Friday,False
976,2022-09-03,3,9,3,2022,Saturday,True
977,2022-09-04,4,9,3,2022,Sunday,True
978,2022-09-05,5,9,3,2022,Monday,False
979,2022-09-06,6,9,3,2022,Tuesday,False
980,2022-09-07,7,9,3,2022,Wednesday,False
981,2022-09-08,8,9,3,2022,Thursday,False
982,2022-09-09,9,9,3,2022,Friday,False
983,2022-09-10,10,9,3,2022,Saturday,True
984,2022-09-11,11,9,3,2022,Sunday,True
985,2022-09-12,12,9,3,2022,Monday,False
986,2022-09-13,13,9,3,2022,Tuesday,False
987,2022-09-14,14,9,3,2022,Wednesday,False
988,2022-09-15,15,9,3,2022,Thursday,False
989,2022-09-16,16,9,3,2022,Friday,False
990,2022-09-17,17,9,3,2022,Saturday,True
991,2022-09-18,18,9,3,2022,Sunday,True
992,2022-09-19,19,9,3,2022,Monday,False
993,2022-09-20,20,9,3,2022,Tuesday,False
994,2022-09-21,21,9,3,2022,Wednesday,False
995,2022-09-22,22,9,3,2022,Thursday,False
996,2022-09-23,23,9,3,2022,Friday,False
997,2022-09-24,24,9,3,2022,Saturday,True
998,2022-09-25,25,9,3,2022,Sunday,True
999,2022-09-26,26,9,3,2022,Monday,False
1000,2022-09-27,27,9,3,2022,Tuesday,False
1001,2022-09-28,28,9,3,2022,Wednesday,False
1002,2022-09-29,29,9,3,2022,Thursday,False
1003,2022-09-30,30,9,3,2022,Friday,False
1004,2022-10-01,1,10,4,2022,Saturday,True
1005,2022-10-02,2,10,4,2022,Sunday,True
1006,2022-10-03,3,10,4,2022,Monday,False
1007,2022-10-04,4,10,4,2022,Tuesday,False
1008,2022-10-05,5,10,4,2022,Wednesday,False
1009,2022-10-06,6,10,4,2022,Thursday,False
1010,2022-10-07,7,10,4,2022,Friday,False
1011,2022-10-08,8,10,4,2022,Saturday,True
1012,2022-10-09,9,10,4,2022,Sunday,True
1013,2022-10-10,10,10,4,2022,Monday,False
1014,2022-10-11,11,10,4,2022,Tuesday,False
1015,2022-10-12,12,10,4,2022,Wednesday,False
1016,2022-10-13,13,10,4,2022,Thursday,False
1017,2022-10-14,14,10,4,2022,Friday,False
1018,2022-10-15,15,10,4,2022,Saturday,True
1019,2022-10-16,16,10,4,2022,Sunday,True
1020,2022-10-17,17,10,4,2022,Monday,False
1021,2022-10-18,18,10,4,2022,Tuesday,False
1022,2022-10-19,19,10,4,2022,Wednesday,False
1023,2022-10-20,20,10,4,2022,Thursday,False
1024,2022-10-21,21,10,4,2022,Friday,False
1025,2022-10-22,22,10,4,2022,Saturday,True
1026,2022-10-23,23,10,4,2022,Sunday,True
1027,2022-10-24,24,10,4,2022,Monday,False
1028,2022-10-25,25,10,4,2022,Tuesday,False
1029,2022-10-26,26,10,4,2022,Wednesday,False
1030,2022-10-27,27,10,4,2022,Thursday,False
1031,2022-10-28,28,10,4,2022,Friday,False
1032,2022-10-29,29,10,4,2022,Saturday,True
1033,2022-10-30,30,10,4,2022,Sunday,True
1034,2022-10-31,31,10,4,2022,Monday,False
1035,2022-11-01,1,11,4,2022,Tuesday,False
1036,2022-11-02,2,11,4,2022,Wednesday,False
1037,2022-11-03,3,11,4,2022,Thursday,False
1038,2022-11-04,4,11,4,2022,Friday,False
1039,2022-11-05,5,11,4,2022,Saturday,True
1040,2022-11-06,6,11,4,2022,Sunday,True
1041,2022-11-07,7,11,4,2022,Monday,False
1042,2022-11-08,8,11,4,2022,Tuesday,False
1043,2022-11-09,9,11,4,2022,Wednesday,False
1044,2022-11-10,10,11,4,2022,Thursday,False
1045,2022-11-11,11,11,4,2022,Friday,False
1046,2022-11-12,12,11,4,2022,Saturday,True
1047,2022-11-13,13,11,4,2022,Sunday,True
1048,2022-11-14,14,11,4,2022,Monday,False
1049,2022-11-15,15,11,4,2022,Tuesday,False
1050,2022-11-16,16,11,4,2022,Wednesday,False
1051,2022-11-17,17,11,4,2022,Thursday,False
1052,2022-11-18,18,11,4,2022,Friday,False
1053,2022-11-19,19,11,4,2022,Saturday,True
1054,2022-11-20,20,11,4,2022,Sunday,True
1055,2022-11-21,21,11,4,2022,Monday,False
1056,2022-11-22,22,11,4,2022,Tuesday,False
1057,2022-11-23,23,11,4,2022,Wednesday,False
1058,2022-11-24,24,11,4,2022,Thursday,False
1059,2022-11-25,25,11,4,2022,Friday,False
1060,2022-11-26,26,11,4,2022,Saturday,True
1061,2022-11-27,27,11,4,2022,Sunday,True
1062,2022-11-28,28,11,4,2022,Monday,False
1063,2022-11-29,29,11,4,2022,Tuesday,False
1064,2022-11-30,30,11,4,2022,Wednesday,False
1065,2022-12-01,1,12,4,2022,Thursday,False
1066,2022-12-02,2,12,4,2022,Friday,False
1067,2022-12-03,3,12,4,2022,Saturday,True
1068,2022-12-04,4,12,4,2022,Sunday,True
1069,2022-12-05,5,12,4,2022,Monday,False
1070,2022-12-06,6,12,4,2022,Tuesday,False
1071,2022-12-07,7,12,4,2022,Wednesday,False
1072,2022-12-08,8,12,4,2022,Thursday,False
1073,2022-12-09,9,12,4,2022,Friday,False
1074,2022-12-10,10,12,4,2022,Saturday,True
1075,2022-12-11,11,12,4,2022,Sunday,True
1076,2022-12-12,12,12,4,2022,Monday,False
1077,2022-12-13,13,12,4,2022,Tuesday,False
1078,2022-12-14,14,12,4,2022,Wednesday,False
1079,2022-12-15,15,12,4,2022,Thursday,False
1080,2022-12-16,16,12,4,2022,Friday,False
1081,2022-12-17,17,12,4,2022,Saturday,True
1082,2022-12-18,18,12,4,2022,Sunday,True
1083,2022-12-19,19,12,4,2022,Monday,False
1084,2022-12-20,20,12,4,2022,Tuesday,False
1085,2022-12-21,21,12,4,2022,Wednesday,False
1086,2022-12-22,22,12,4,2022,Thursday,False
1087,2022-12-23,23,12,4,2022,Friday,False
1088,2022-12-24,24,12,4,2022,Saturday,True
1089,2022-12-25,25,12,4,2022,Sunday,True
1090,2022-12-26,26,12,4,2022,Monday,False
1091,2022-12-27,27,12,4,2022,Tuesday,False
1092,2022-12-28,28,12,4,2022,Wednesday,False
1093,2022-12-29,29,12,4,2022,Thursday,False
1094,2022-12-30,30,12,4,2022,Friday,False
1095,2022-12-31,31,12,4,2022,Saturday,True
1096,2023-01-01,1,1,1,2023,Sunday,True
1097,2023-01-02,2,1,1,2023,Monday,False
1098,2023-01-03,3,1,1,2023,Tuesday,False
1099,2023-01-04,4,1,1,2023,Wednesday,False
1100,2023-01-05,5,1,1,2023,Thursday,False
1101,2023-01-06,6,1,1,2023,Friday,False
1102,2023-01-07,7,1,1,2023,Saturday,True
1103,2023-01-08,8,1,1,2023,Sunday,True
1104,2023-01-09,9,1,1,2023,Monday,False
1105,2023-01-10,10,1,1,2023,Tuesday,False
1106,2023-01-11,11,1,1,2023,Wednesday,False
1107,2023-01-12,12,1,1,2023,Thursday,False
1108,2023-01-13,13,1,1,2023,Friday,False
1109,2023-01-14,14,1,1,2023,Saturday,True
1110,2023-01-15,15,1,1,2023,Sunday,True
1111,2023-01-16,16,1,1,2023,Monday,False
1112,2023-01-17,17,1,1,2023,Tuesday,False
1113,2023-01-18,18,1,1,2023,Wednesday,False
1114,2023-01-19,19,1,1,2023,Thursday,False
1115,2023-01-20,20,1,1,2023,Friday,False
1116,2023-01-21,21,1,1,2023,Saturday,True
1117,2023-01-22,22,1,1,2023,Sunday,True
1118,2023-01-23,23,1,1,2023,Monday,False
1119,2023-01-24,24,1,1,2023,Tuesday,False
1120,2023-01-25,25,1,1,2023,Wednesday,False
1121,2023-01-26,26,1,1,2023,Thursday,False
1122,2023-01-27,27,1,1,2023,Friday,False
1123,2023-01-28,28,1,1,2023,Saturday,True
1124,2023-01-29,29,1,1,2023,Sunday,True
1125,2023-01-30,30,1,1,2023,Monday,False
1126,2023-01-31,31,1,1,2023,Tuesday,False
1127,2023-02-01,1,2,1,2023,Wednesday,False
1128,2023-02-02,2,2,1,2023,Thursday,False
1129,2023-02-03,3,2,1,2023,Friday,False
1130,2023-02-04,4,2,1,2023,Saturday,True
1131,2023-02-05,5,2,1,2023,Sunday,True
1132,2023-02-06,6,2,1,2023,Monday,False
1133,2023-02-07,7,2,1,2023,Tuesday,False
1134,2023-02-08,8,2,1,2023,Wednesday,False
1135,2023-02-09,9,2,1,2023,Thursday,False
1136,2023-02-10,10,2,1,2023,Friday,False
1137,2023-02-11,11,2,1,2023,Saturday,True
1138,2023-02-12,12,2,1,2023,Sunday,True
1139,2023-02-13,13,2,1,2023,Monday,False
1140,2023-02-14,14,2,1,2023,Tuesday,False
1141,2023-02-15,15,2,1,2023,Wednesday,False
1142,2023-02-16,16,2,1,2023,Thursday,False
1143,2023-02-17,17,2,1,2023,Friday,False
1144,2023-02-18,18,2,1,2023,Saturday,True
1145,2023-02-19,19,2,1,2023,Sunday,True
1146,2023-02-20,20,2,1,2023,Monday,False
1147,2023-02-21,21,2,1,2023,Tuesday,False
1148,2023-02-22,22,2,1,2023,Wednesday,False
1149,2023-02-23,23,2,1,2023,Thursday,False
1150,2023-02-24,24,2,1,2023,Friday,False
1151,2023-02-25,25,2,1,2023,Saturday,True
1152,2023-02-26,26,2,1,2023,Sunday,True
1153,2023-02-27,27,2,1,2023,Monday,False
1154,2023-02-28,28,2,1,2023,Tuesday,False
1155,2023-03-01,1,3,1,2023,Wednesday,False
1156,2023-03-02,2,3,1,2023,Thursday,False
1157,2023-03-03,3,3,1,2023,Friday,False
1158,2023-03-04,4,3,1,2023,Saturday,True
1159,2023-03-05,5,3,1,2023,Sunday,True
1160,2023-03-06,6,3,1,2023,Monday,False
1161,2023-03-07,7,3,1,2023,Tuesday,False
1162,2023-03-08,8,3,1,2023,Wednesday,False
1163,2023-03-09,9,3,1,2023,Thursday,False
1164,2023-03-10,10,3,1,2023,Friday,False
1165,2023-03-11,11,3,1,2023,Saturday,True
1166,2023-03-12,12,3,1,2023,Sunday,True
1167,2023-03-13,13,3,1,2023,Monday,False
1168,2023-03-14,14,3,1,2023,Tuesday,False
1169,2023-03-15,15,3,1,2023,Wednesday,False
1170,2023-03-16,16,3,1,2023,Thursday,False
1171,2023-03-17,17,3,1,2023,Friday,False
1172,2023-03-18,18,3,1,2023,Saturday,True
1173,2023-03-19,19,3,1,2023,Sunday,True
1174,2023-03-20,20,3,1,2023,Monday,False
1175,2023-03-21,21,3,1,2023,Tuesday,False
1176,2023-03-22,22,3,1,2023,Wednesday,False
1177,2023-03-23,23,3,1,2023,Thursday,False
1178,2023-03-24,24,3,1,2023,Friday,False
1179,2023-03-25,25,3,1,2023,Saturday,True
1180,2023-03-26,26,3,1,2023,Sunday,True
1181,2023-03-27,27,3,1,2023,Monday,False
1182,2023-03-28,28,3,1,2023,Tuesday,False
1183,2023-03-29,29,3,1,2023,Wednesday,False
1184,2023-03-30,30,3,1,2023,Thursday,False
1185,2023-03-31,31,3,1,2023,Friday,False
1186,2023-04-01,1,4,2,2023,Saturday,True
1187,2023-04-02,2,4,2,2023,Sunday,True
1188,2023-04-03,3,4,2,2023,Monday,False
1189,2023-04-04,4,4,2,2023,Tuesday,False
1190,2023-04-05,5,4,2,2023,Wednesday,False
1191,2023-04-06,6,4,2,2023,Thursday,False
1192,2023-04-07,7,4,2,2023,Friday,False
1193,2023-04-08,8,4,2,2023,Saturday,True
1194,2023-04-09,9,4,2,2023,Sunday,True
1195,2023-04-10,10,4,2,2023,Monday,False
1196,2023-04-11,11,4,2,2023,Tuesday,False
1197,2023-04-12,12,4,2,2023,Wednesday,False
1198,2023-04-13,13,4,2,2023,Thursday,False
1199,2023-04-14,14,4,2,2023,Friday,False
1200,2023-04-15,15,4,2,2023,Saturday,True
1201,2023-04-16,16,4,2,2023,Sunday,True
1202,2023-04-17,17,4,2,2023,Monday,False
1203,2023-04-18,18,4,2,2023,Tuesday,False
1204,2023-04-19,19,4,2,2023,Wednesday,False
1205,2023-04-20,20,4,2,2023,Thursday,False
1206,2023-04-21,21,4,2,2023,Friday,False
1207,2023-04-22,22,4,2,2023,Saturday,True
1208,2023-04-23,23,4,2,2023,Sunday,True
1209,2023-04-24,24,4,2,2023,Monday,False
1210,2023-04-25,25,4,2,2023,Tuesday,False
1211,2023-04-26,26,4,2,2023,Wednesday,False
1212,2023-04-27,27,4,2,2023,Thursday,False
1213,2023-04-28,28,4,2,2023,Friday,False
1214,2023-04-29,29,4,2,2023,Saturday,True
1215,2023-04-30,30,4,2,2023,Sunday,True
1216,2023-05-01,1,5,2,2023,Monday,False
1217,2023-05-02,2,5,2,2023,Tuesday,False
1218,2023-05-03,3,5,2,2023,Wednesday,False
1219,2023-05-04,4,5,2,2023,Thursday,False
1220,2023-05-05,5,5,2,2023,Friday,False
1221,2023-05-06,6,5,2,2023,Saturday,True
1222,2023-05-07,7,5,2,2023,Sunday,True
1223,2023-05-08,8,5,2,2023,Monday,False
1224,2023-05-09,9,5,2,2023,Tuesday,False
1225,2023-05-10,10,5,2,2023,Wednesday,False
1226,2023-05-11,11,5,2,2023,Thursday,False
1227,2023-05-12,12,5,2,2023,Friday,False
1228,2023-05-13,13,5,2,2023,Saturday,True
1229,2023-05-14,14,5,2,2023,Sunday,True
1230,2023-05-15,15,5,2,2023,Monday,False
1231,2023-05-16,16,5,2,2023,Tuesday,False
1232,2023-05-17,17,5,2,2023,Wednesday,False
1233,2023-05-18,18,5,2,2023,Thursday,False
1234,2023-05-19,19,5,2,2023,Friday,False
1235,2023-05-20,20,5,2,2023,Saturday,True
1236,2023-05-21,21,5,2,2023,Sunday,True
1237,2023-05-22,22,5,2,2023,Monday,False
1238,2023-05-23,23,5,2,2023,Tuesday,False
1239,2023-05-24,24,5,2,2023,Wednesday,False
1240,2023-05-25,25,5,2,2023,Thursday,False
1241,2023-05-26,26,5,2,2023,Friday,False
1242,2023-05-27,27,5,2,2023,Saturday,True
1243,2023-05-28,28,5,2,2023,Sunday,True
1244,2023-05-29,29,5,2,2023,Monday,False
1245,2023-05-30,30,5,2,2023,Tuesday,False
1246,2023-05-31,31,5,2,2023,Wednesday,False
1247,2023-06-01,1,6,2,2023,Thursday,False
1248,2023-06-02,2,6,2,2023,Friday,False
1249,2023-06-03,3,6,2,2023,Saturday,True
1250,2023-06-04,4,6,2,2023,Sunday,True
1251,2023-06-05,5,6,2,2023,Monday,False
1252,2023-06-06,6,6,2,2023,Tuesday,False
1253,2023-06-07,7,6,2,2023,Wednesday,False
1254,2023-06-08,8,6,2,2023,Thursday,False
1255,2023-06-09,9,6,2,2023,Friday,False
1256,2023-06-10,10,6,2,2023,Saturday,True
1257,2023-06-11,11,6,2,2023,Sunday,True
1258,2023-06-12,12,6,2,2023,Monday,False
1259,2023-06-13,13,6,2,2023,Tuesday,False
1260,2023-06-14,14,6,2,2023,Wednesday,False
1261,2023-06-15,15,6,2,2023,Thursday,False
1262,2023-06-16,16,6,2,2023,Friday,False
1263,2023-06-17,17,6,2,2023,Saturday,True
1264,2023-06-18,18,6,2,2023,Sunday,True
1265,2023-06-19,19,6,2,2023,Monday,False
1266,2023-06-20,20,6,2,2023,Tuesday,False
1267,2023-06-21,21,6,2,2023,Wednesday,False
1268,2023-06-22,22,6,2,2023,Thursday,False
1269,2023-06-23,23,6,2,2023,Friday,False
1270,2023-06-24,24,6,2,2023,Saturday,True
1271,2023-06-25,25,6,2,2023,Sunday,True
1272,2023-06-26,26,6,2,2023,Monday,False
1273,2023-06-27,27,6,2,2023,Tuesday,False
1274,2023-06-28,28,6,2,2023,Wednesday,False
1275,2023-06-29,29,6,2,2023,Thursday,False
1276,2023-06-30,30,6,2,2023,Friday,False
1277,2023-07-01,1,7,3,2023,Saturday,True
1278,2023-07-02,2,7,3,2023,Sunday,True
1279,2023-07-03,3,7,3,2023,Monday,False
1280,2023-07-04,4,7,3,2023,Tuesday,False
1281,2023-07-05,5,7,3,2023,Wednesday,False
1282,2023-07-06,6,7,3,2023,Thursday,False
1283,2023-07-07,7,7,3,2023,Friday,False
1284,2023-07-08,8,7,3,2023,Saturday,True
1285,2023-07-09,9,7,3,2023,Sunday,True
1286,2023-07-10,10,7,3,2023,Monday,False
1287,2023-07-11,11,7,3,2023,Tuesday,False
1288,2023-07-12,12,7,3,2023,Wednesday,False
1289,2023-07-13,13,7,3,2023,Thursday,False
1290,2023-07-14,14,7,3,2023,Friday,False
1291,2023-07-15,15,7,3,2023,Saturday,True
1292,2023-07-16,16,7,3,2023,Sunday,True
1293,2023-07-17,17,7,3,2023,Monday,False
1294,2023-07-18,18,7,3,2023,Tuesday,False
1295,2023-07-19,19,7,3,2023,Wednesday,False
1296,2023-07-20,20,7,3,2023,Thursday,False
1297,2023-07-21,21,7,3,2023,Friday,False
1298,2023-07-22,22,7,3,2023,Saturday,True
1299,2023-07-23,23,7,3,2023,Sunday,True
1300,2023-07-24,24,7,3,2023,Monday,False
1301,2023-07-25,25,7,3,2023,Tuesday,False
1302,2023-07-26,26,7,3,2023,Wednesday,False
1303,2023-07-27,27,7,3,2023,Thursday,False
1304,2023-07-28,28,7,3,2023,Friday,False
1305,2023-07-29,29,7,3,2023,Saturday,True
1306,2023-07-30,30,7,3,2023,Sunday,True
1307,2023-07-31,31,7,3,2023,Monday,False
1308,2023-08-01,1,8,3,2023,Tuesday,False
1309,2023-08-02,2,8,3,2023,Wednesday,False
1310,2023-08-03,3,8,3,2023,Thursday,False
1311,2023-08-04,4,8,3,2023,Friday,False
1312,2023-08-05,5,8,3,2023,Saturday,True
1313,2023-08-06,6,8,3,2023,Sunday,True
1314,2023-08-07,7,8,3,2023,Monday,False
1315,2023-08-08,8,8,3,2023,Tuesday,False
1316,2023-08-09,9,8,3,2023,Wednesday,False
1317,2023-08-10,10,8,3,2023,Thursday,False
1318,2023-08-11,11,8,3,2023,Friday,False
1319,2023-08-12,12,8,3,2023,Saturday,True
1320,2023-08-13,13,8,3,2023,Sunday,True
1321,2023-08-14,14,8,3,2023,Monday,False
1322,2023-08-15,15,8,3,2023,Tuesday,False
1323,2023-08-16,16,8,3,2023,Wednesday,False
1324,2023-08-17,17,8,3,2023,Thursday,False
1325,2023-08-18,18,8,3,2023,Friday,False
1326,2023-08-19,19,8,3,2023,Saturday,True
1327,2023-08-20,20,8,3,2023,Sunday,True
1328,2023-08-21,21,8,3,2023,Monday,False
1329,2023-08-22,22,8,3,2023,Tuesday,False
1330,2023-08-23,23,8,3,2023,Wednesday,False
1331,2023-08-24,24,8,3,2023,Thursday,False
1332,2023-08-25,25,8,3,2023,Friday,False
1333,2023-08-26,26,8,3,2023,Saturday,True
1334,2023-08-27,27,8,3,2023,Sunday,True
1335,2023-08-28,28,8,3,2023,Monday,False
1336,2023-08-29,29,8,3,2023,Tuesday,False
1337,2023-08-30,30,8,3,2023,Wednesday,False
1338,2023-08-31,31,8,3,2023,Thursday,False
1339,2023-09-01,1,9,3,2023,Friday,False
1340,2023-09-02,2,9,3,2023,Saturday,True
1341,2023-09-03,3,9,3,2023,Sunday,True
1342,2023-09-04,4,9,3,2023,Monday,False
1343,2023-09-05,5,9,3,2023,Tuesday,False
1344,2023-09-06,6,9,3,2023,Wednesday,False
1345,2023-09-07,7,9,3,2023,Thursday,False
1346,2023-09-08,8,9,3,2023,Friday,False
1347,2023-09-09,9,9,3,2023,Saturday,True
1348,2023-09-10,10,9,3,2023,Sunday,True
1349,2023-09-11,11,9,3,2023,Monday,False
1350,2023-09-12,12,9,3,2023,Tuesday,False
1351,2023-09-13,13,9,3,2023,Wednesday,False
1352,2023-09-14,14,9,3,2023,Thursday,False
1353,2023-09-15,15,9,3,2023,Friday,False
1354,2023-09-16,16,9,3,2023,Saturday,True
1355,2023-09-17,17,9,3,2023,Sunday,True
1356,2023-09-18,18,9,3,2023,Monday,False
1357,2023-09-19,19,9,3,2023,Tuesday,False
1358,2023-09-20,20,9,3,2023,Wednesday,False
1359,2023-09-21,21,9,3,2023,Thursday,False
1360,2023-09-22,22,9,3,2023,Friday,False
1361,2023-09-23,23,9,3,2023,Saturday,True
1362,2023-09-24,24,9,3,2023,Sunday,True
1363,2023-09-25,25,9,3,2023,Monday,False
1364,2023-09-26,26,9,3,2023,Tuesday,False
1365,2023-09-27,27,9,3,2023,Wednesday,False
1366,2023-09-28,28,9,3,2023,Thursday,False
1367,2023-09-29,29,9,3,2023,Friday,False
1368,2023-09-30,30,9,3,2023,Saturday,True
1369,2023-10-01,1,10,4,2023,Sunday,True
1370,2023-10-02,2,10,4,2023,Monday,False
1371,2023-10-03,3,10,4,2023,Tuesday,False
1372,2023-10-04,4,10,4,2023,Wednesday,False
1373,2023-10-05,5,10,4,2023,Thursday,False
1374,2023-10-06,6,10,4,2023,Friday,False
1375,2023-10-07,7,10,4,2023,Saturday,True
1376,2023-10-08,8,10,4,2023,Sunday,True
1377,2023-10-09,9,10,4,2023,Monday,False
1378,2023-10-10,10,10,4,2023,Tuesday,False
1379,2023-10-11,11,10,4,2023,Wednesday,False
1380,2023-10-12,12,10,4,2023,Thursday,False
1381,2023-10-13,13,10,4,2023,Friday,False
1382,2023-10-14,14,10,4,2023,Saturday,True
1383,2023-10-15,15,10,4,2023,Sunday,True
1384,2023-10-16,16,10,4,2023,Monday,False
1385,2023-10-17,17,10,4,2023,Tuesday,False
1386,2023-10-18,18,10,4,2023,Wednesday,False
1387,2023-10-19,19,10,4,2023,Thursday,False
1388,2023-10-20,20,10,4,2023,Friday,False
1389,2023-10-21,21,10,4,2023,Saturday,True
1390,2023-10-22,22,10,4,2023,Sunday,True
1391,2023-10-23,23,10,4,2023,Monday,False
1392,2023-10-24,24,10,4,2023,Tuesday,False
1393,2023-10-25,25,10,4,2023,Wednesday,False
1394,2023-10-26,26,10,4,2023,Thursday,False
1395,2023-10-27,27,10,4,2023,Friday,False
1396,2023-10-28,28,10,4,2023,Saturday,True
1397,2023-10-29,29,10,4,2023,Sunday,True
1398,2023-10-30,30,10,4,2023,Monday,False
1399,2023-10-31,31,10,4,2023,Tuesday,False
1400,2023-11-01,1,11,4,2023,Wednesday,False
1401,2023-11-02,2,11,4,2023,Thursday,False
1402,2023-11-03,3,11,4,2023,Friday,False
1403,2023-11-04,4,11,4,2023,Saturday,True
1404,2023-11-05,5,11,4,2023,Sunday,True
1405,2023-11-06,6,11,4,2023,Monday,False
1406,2023-11-07,7,11,4,2023,Tuesday,False
1407,2023-11-08,8,11,4,2023,Wednesday,False
1408,2023-11-09,9,11,4,2023,Thursday,False
1409,2023-11-10,10,11,4,2023,Friday,False
1410,2023-11-11,11,11,4,2023,Saturday,True
1411,2023-11-12,12,11,4,2023,Sunday,True
1412,2023-11-13,13,11,4,2023,Monday,False
1413,2023-11-14,14,11,4,2023,Tuesday,False
1414,2023-11-15,15,11,4,2023,Wednesday,False
1415,2023-11-16,16,11,4,2023,Thursday,False
1416,2023-11-17,17,11,4,2023,Friday,False
1417,2023-11-18,18,11,4,2023,Saturday,True
1418,2023-11-19,19,11,4,2023,Sunday,True
1419,2023-11-20,20,11,4,2023,Monday,False
1420,2023-11-21,21,11,4,2023,Tuesday,False
1421,2023-11-22,22,11,4,2023,Wednesday,False
1422,2023-11-23,23,11,4,2023,Thursday,False
1423,2023-11-24,24,11,4,2023,Friday,False
1424,2023-11-25,25,11,4,2023,Saturday,True
1425,2023-11-26,26,11,4,2023,Sunday,True
1426,2023-11-27,27,11,4,2023,Monday,False
1427,2023-11-28,28,11,4,2023,Tuesday,False
1428,2023-11-29,29,11,4,2023,Wednesday,False
1429,2023-11-30,30,11,4,2023,Thursday,False
1430,2023-12-01,1,12,4,2023,Friday,False
1431,2023-12-02,2,12,4,2023,Saturday,True
1432,2023-12-03,3,12,4,2023,Sunday,True
1433,2023-12-04,4,12,4,2023,Monday,False
1434,2023-12-05,5,12,4,2023,Tuesday,False
1435,2023-12-06,6,12,4,2023,Wednesday,False
1436,2023-12-07,7,12,4,2023,Thursday,False
1437,2023-12-08,8,12,4,2023,Friday,False
1438,2023-12-09,9,12,4,2023,Saturday,True
1439,2023-12-10,10,12,4,2023,Sunday,True
1440,2023-12-11,11,12,4,2023,Monday,False
1441,2023-12-12,12,12,4,2023,Tuesday,False
1442,2023-12-13,13,12,4,2023,Wednesday,False
1443,2023-12-14,14,12,4,2023,Thursday,False
1444,2023-12-15,15,12,4,2023,Friday,False
1445,2023-12-16,16,12,4,2023,Saturday,True
1446,2023-12-17,17,12,4,2023,Sunday,True
1447,2023-12-18,18,12,4,2023,Monday,False
1448,2023-12-19,19,12,4,2023,Tuesday,False
1449,2023-12-20,20,12,4,2023,Wednesday,False
1450,2023-12-21,21,12,4,2023,Thursday,False
1451,2023-12-22,22,12,4,2023,Friday,False
1452,2023-12-23,23,12,4,2023,Saturday,True
1453,2023-12-24,24,12,4,2023,Sunday,True
1454,2023-12-25,25,12,4,2023,Monday,False
1455,2023-12-26,26,12,4,2023,Tuesday,False
1456,2023-12-27,27,12,4,2023,Wednesday,False
1457,2023-12-28,28,12,4,2023,Thursday,False
1458,2023-12-29,29,12,4,2023,Friday,False
1459,2023-12-30,30,12,4,2023,Saturday,True
1460,2023-12-31,31,12,4,2023,Sunday,True
1461,2024-01-01,1,1,1,2024,Monday,False
1462,2024-01-02,2,1,1,2024,Tuesday,False
1463,2024-01-03,3,1,1,2024,Wednesday,False
1464,2024-01-04,4,1,1,2024,Thursday,False
1465,2024-01-05,5,1,1,2024,Friday,False
1466,2024-01-06,6,1,1,2024,Saturday,True
1467,2024-01-07,7,1,1,2024,Sunday,True
1468,2024-01-08,8,1,1,2024,Monday,False
1469,2024-01-09,9,1,1,2024,Tuesday,False
1470,2024-01-10,10,1,1,2024,Wednesday,False
1471,2024-01-11,11,1,1,2024,Thursday,False
1472,2024-01-12,12,1,1,2024,Friday,False
1473,2024-01-13,13,1,1,2024,Saturday,True
1474,2024-01-14,14,1,1,2024,Sunday,True
1475,2024-01-15,15,1,1,2024,Monday,False
1476,2024-01-16,16,1,1,2024,Tuesday,False
1477,2024-01-17,17,1,1,2024,Wednesday,False
1478,2024-01-18,18,1,1,2024,Thursday,False
1479,2024-01-19,19,1,1,2024,Friday,False
1480,2024-01-20,20,1,1,2024,Saturday,True
1481,2024-01-21,21,1,1,2024,Sunday,True
1482,2024-01-22,22,1,1,2024,Monday,False
1483,2024-01-23,23,1,1,2024,Tuesday,False
1484,2024-01-24,24,1,1,2024,Wednesday,False
1485,2024-01-25,25,1,1,2024,Thursday,False
1486,2024-01-26,26,1,1,2024,Friday,False
1487,2024-01-27,27,1,1,2024,Saturday,True
1488,2024-01-28,28,1,1,2024,Sunday,True
1489,2024-01-29,29,1,1,2024,Monday,False
1490,2024-01-30,30,1,1,2024,Tuesday,False
1491,2024-01-31,31,1,1,2024,Wednesday,False
1492,2024-02-01,1,2,1,2024,Thursday,False
1493,2024-02-02,2,2,1,2024,Friday,False
1494,2024-02-03,3,2,1,2024,Saturday,True
1495,2024-02-04,4,2,1,2024,Sunday,True
1496,2024-02-05,5,2,1,2024,Monday,False
1497,2024-02-06,6,2,1,2024,Tuesday,False
1498,2024-02-07,7,2,1,2024,Wednesday,False
1499,2024-02-08,8,2,1,2024,Thursday,False
1500,2024-02-09,9,2,1,2024,Friday,False
1501,2024-02-10,10,2,1,2024,Saturday,True
1502,2024-02-11,11,2,1,2024,Sunday,True
1503,2024-02-12,12,2,1,2024,Monday,False
1504,2024-02-13,13,2,1,2024,Tuesday,False
1505,2024-02-14,14,2,1,2024,Wednesday,False
1506,2024-02-15,15,2,1,2024,Thursday,False
1507,2024-02-16,16,2,1,2024,Friday,False
1508,2024-02-17,17,2,1,2024,Saturday,True
1509,2024-02-18,18,2,1,2024,Sunday,True
1510,2024-02-19,19,2,1,2024,Monday,False
1511,2024-02-20,20,2,1,2024,Tuesday,False
1512,2024-02-21,21,2,1,2024,Wednesday,False
1513,2024-02-22,22,2,1,2024,Thursday,False
1514,2024-02-23,23,2,1,2024,Friday,False
1515,2024-02-24,24,2,1,2024,Saturday,True
1516,2024-02-25,25,2,1,2024,Sunday,True
1517,2024-02-26,26,2,1,2024,Monday,False
1518,2024-02-27,27,2,1,2024,Tuesday,False
1519,2024-02-28,28,2,1,2024,Wednesday,False
1520,2024-02-29,29,2,1,2024,Thursday,False
1521,2024-03-01,1,3,1,2024,Friday,False
1522,2024-03-02,2,3,1,2024,Saturday,True
1523,2024-03-03,3,3,1,2024,Sunday,True
1524,2024-03-04,4,3,1,2024,Monday,False
1525,2024-03-05,5,3,1,2024,Tuesday,False
1526,2024-03-06,6,3,1,2024,Wednesday,False
1527,2024-03-07,7,3,1,2024,Thursday,False
1528,2024-03-08,8,3,1,2024,Friday,False
1529,2024-03-09,9,3,1,2024,Saturday,True
1530,2024-03-10,10,3,1,2024,Sunday,True
1531,2024-03-11,11,3,1,2024,Monday,False
1532,2024-03-12,12,3,1,2024,Tuesday,False
1533,2024-03-13,13,3,1,2024,Wednesday,False
1534,2024-03-14,14,3,1,2024,Thursday,False
1535,2024-03-15,15,3,1,2024,Friday,False
1536,2024-03-16,16,3,1,2024,Saturday,True
1537,2024-03-17,17,3,1,2024,Sunday,True
1538,2024-03-18,18,3,1,2024,Monday,False
1539,2024-03-19,19,3,1,2024,Tuesday,False
1540,2024-03-20,20,3,1,2024,Wednesday,False
1541,2024-03-21,21,3,1,2024,Thursday,False
1542,2024-03-22,22,3,1,2024,Friday,False
1543,2024-03-23,23,3,1,2024,Saturday,True
1544,2024-03-24,24,3,1,2024,Sunday,True
1545,2024-03-25,25,3,1,2024,Monday,False
1546,2024-03-26,26,3,1,2024,Tuesday,False
1547,2024-03-27,27,3,1,2024,Wednesday,False
1548,2024-03-28,28,3,1,2024,Thursday,False
1549,2024-03-29,29,3,1,2024,Friday,False
1550,2024-03-30,30,3,1,2024,Saturday,True
1551,2024-03-31,31,3,1,2024,Sunday,True
1552,2024-04-01,1,4,2,2024,Monday,False
1553,2024-04-02,2,4,2,2024,Tuesday,False
1554,2024-04-03,3,4,2,2024,Wednesday,False
1555,2024-04-04,4,4,2,2024,Thursday,False
1556,2024-04-05,5,4,2,2024,Friday,False
1557,2024-04-06,6,4,2,2024,Saturday,True
1558,2024-04-07,7,4,2,2024,Sunday,True
1559,2024-04-08,8,4,2,2024,Monday,False
1560,2024-04-09,9,4,2,2024,Tuesday,False
1561,2024-04-10,10,4,2,2024,Wednesday,False
1562,2024-04-11,11,4,2,2024,Thursday,False
1563,2024-04-12,12,4,2,2024,Friday,False
1564,2024-04-13,13,4,2,2024,Saturday,True
1565,2024-04-14,14,4,2,2024,Sunday,True
1566,2024-04-15,15,4,2,2024,Monday,False
1567,2024-04-16,16,4,2,2024,Tuesday,False
1568,2024-04-17,17,4,2,2024,Wednesday,False
1569,2024-04-18,18,4,2,2024,Thursday,False
1570,2024-04-19,19,4,2,2024,Friday,False
1571,2024-04-20,20,4,2,2024,Saturday,True
1572,2024-04-21,21,4,2,2024,Sunday,True
1573,2024-04-22,22,4,2,2024,Monday,False
1574,2024-04-23,23,4,2,2024,Tuesday,False
1575,2024-04-24,24,4,2,2024,Wednesday,False
1576,2024-04-25,25,4,2,2024,Thursday,False
1577,2024-04-26,26,4,2,2024,Friday,False
1578,2024-04-27,27,4,2,2024,Saturday,True
1579,2024-04-28,28,4,2,2024,Sunday,True
1580,2024-04-29,29,4,2,2024,Monday,False
1581,2024-04-30,30,4,2,2024,Tuesday,False
1582,2024-05-01,1,5,2,2024,Wednesday,False
1583,2024-05-02,2,5,2,2024,Thursday,False
1584,2024-05-03,3,5,2,2024,Friday,False
1585,2024-05-04,4,5,2,2024,Saturday,True
1586,2024-05-05,5,5,2,2024,Sunday,True
1587,2024-05-06,6,5,2,2024,Monday,False
1588,2024-05-07,7,5,2,2024,Tuesday,False
1589,2024-05-08,8,5,2,2024,Wednesday,False
1590,2024-05-09,9,5,2,2024,Thursday,False
1591,2024-05-10,10,5,2,2024,Friday,False
1592,2024-05-11,11,5,2,2024,Saturday,True
1593,2024-05-12,12,5,2,2024,Sunday,True
1594,2024-05-13,13,5,2,2024,Monday,False
1595,2024-05-14,14,5,2,2024,Tuesday,False
1596,2024-05-15,15,5,2,2024,Wednesday,False
1597,2024-05-16,16,5,2,2024,Thursday,False
1598,2024-05-17,17,5,2,2024,Friday,False
1599,2024-05-18,18,5,2,2024,Saturday,True
1600,2024-05-19,19,5,2,2024,Sunday,True
1601,2024-05-20,20,5,2,2024,Monday,False
1602,2024-05-21,21,5,2,2024,Tuesday,False
1603,2024-05-22,22,5,2,2024,Wednesday,False
1604,2024-05-23,23,5,2,2024,Thursday,False
1605,2024-05-24,24,5,2,2024,Friday,False
1606,2024-05-25,25,5,2,2024,Saturday,True
1607,2024-05-26,26,5,2,2024,Sunday,True
1608,2024-05-27,27,5,2,2024,Monday,False
1609,2024-05-28,28,5,2,2024,Tuesday,False
1610,2024-05-29,29,5,2,2024,Wednesday,False
1611,2024-05-30,30,5,2,2024,Thursday,False
1612,2024-05-31,31,5,2,2024,Friday,False
1613,2024-06-01,1,6,2,2024,Saturday,True
1614,2024-06-02,2,6,2,2024,Sunday,True
1615,2024-06-03,3,6,2,2024,Monday,False
1616,2024-06-04,4,6,2,2024,Tuesday,False
1617,2024-06-05,5,6,2,2024,Wednesday,False
1618,2024-06-06,6,6,2,2024,Thursday,False
1619,2024-06-07,7,6,2,2024,Friday,False
1620,2024-06-08,8,6,2,2024,Saturday,True
1621,2024-06-09,9,6,2,2024,Sunday,True
1622,2024-06-10,10,6,2,2024,Monday,False
1623,2024-06-11,11,6,2,2024,Tuesday,False
1624,2024-06-12,12,6,2,2024,Wednesday,False
1625,2024-06-13,13,6,2,2024,Thursday,False
1626,2024-06-14,14,6,2,2024,Friday,False
1627,2024-06-15,15,6,2,2024,Saturday,True
1628,2024-06-16,16,6,2,2024,Sunday,True
1629,2024-06-17,17,6,2,2024,Monday,False
1630,2024-06-18,18,6,2,2024,Tuesday,False
1631,2024-06-19,19,6,2,2024,Wednesday,False
1632,2024-06-20,20,6,2,2024,Thursday,False
1633,2024-06-21,21,6,2,2024,Friday,False
1634,2024-06-22,22,6,2,2024,Saturday,True
1635,2024-06-23,23,6,2,2024,Sunday,True
1636,2024-06-24,24,6,2,2024,Monday,False
1637,2024-06-25,25,6,2,2024,Tuesday,False
1638,2024-06-26,26,6,2,2024,Wednesday,False
1639,2024-06-27,27,6,2,2024,Thursday,False
1640,2024-06-28,28,6,2,2024,Friday,False
1641,2024-06-29,29,6,2,2024,Saturday,True
1642,2024-06-30,30,6,2,2024,Sunday,True
1643,2024-07-01,1,7,3,2024,Monday,False
1644,2024-07-02,2,7,3,2024,Tuesday,False
1645,2024-07-03,3,7,3,2024,Wednesday,False
1646,2024-07-04,4,7,3,2024,Thursday,False
1647,2024-07-05,5,7,3,2024,Friday,False
1648,2024-07-06,6,7,3,2024,Saturday,True
1649,2024-07-07,7,7,3,2024,Sunday,True
1650,2024-07-08,8,7,3,2024,Monday,False
1651,2024-07-09,9,7,3,2024,Tuesday,False
1652,2024-07-10,10,7,3,2024,Wednesday,False
1653,2024-07-11,11,7,3,2024,Thursday,False
1654,2024-07-12,12,7,3,2024,Friday,False
1655,2024-07-13,13,7,3,2024,Saturday,True
1656,2024-07-14,14,7,3,2024,Sunday,True
1657,2024-07-15,15,7,3,2024,Monday,False
1658,2024-07-16,16,7,3,2024,Tuesday,False
1659,2024-07-17,17,7,3,2024,Wednesday,False
1660,2024-07-18,18,7,3,2024,Thursday,False
1661,2024-07-19,19,7,3,2024,Friday,False
1662,2024-07-20,20,7,3,2024,Saturday,True
1663,2024-07-21,21,7,3,2024,Sunday,True
1664,2024-07-22,22,7,3,2024,Monday,False
1665,2024-07-23,23,7,3,2024,Tuesday,False
1666,2024-07-24,24,7,3,2024,Wednesday,False
1667,2024-07-25,25,7,3,2024,Thursday,False
1668,2024-07-26,26,7,3,2024,Friday,False
1669,2024-07-27,27,7,3,2024,Saturday,True
1670,2024-07-28,28,7,3,2024,Sunday,True
1671,2024-07-29,29,7,3,2024,Monday,False
1672,2024-07-30,30,7,3,2024,Tuesday,False
1673,2024-07-31,31,7,3,2024,Wednesday,False
1674,2024-08-01,1,8,3,2024,Thursday,False
1675,2024-08-02,2,8,3,2024,Friday,False
1676,2024-08-03,3,8,3,2024,Saturday,True
1677,2024-08-04,4,8,3,2024,Sunday,True
1678,2024-08-05,5,8,3,2024,Monday,False
1679,2024-08-06,6,8,3,2024,Tuesday,False
1680,2024-08-07,7,8,3,2024,Wednesday,False
1681,2024-08-08,8,8,3,2024,Thursday,False
1682,2024-08-09,9,8,3,2024,Friday,False
1683,2024-08-10,10,8,3,2024,Saturday,True
1684,2024-08-11,11,8,3,2024,Sunday,True
1685,2024-08-12,12,8,3,2024,Monday,False
1686,2024-08-13,13,8,3,2024,Tuesday,False
1687,2024-08-14,14,8,3,2024,Wednesday,False
1688,2024-08-15,15,8,3,2024,Thursday,False
1689,2024-08-16,16,8,3,2024,Friday,False
1690,2024-08-17,17,8,3,2024,Saturday,True
1691,2024-08-18,18,8,3,2024,Sunday,True
1692,2024-08-19,19,8,3,2024,Monday,False
1693,2024-08-20,20,8,3,2024,Tuesday,False
1694,2024-08-21,21,8,3,2024,Wednesday,False
1695,2024-08-22,22,8,3,2024,Thursday,False
1696,2024-08-23,23,8,3,2024,Friday,False
1697,2024-08-24,24,8,3,2024,Saturday,True
1698,2024-08-25,25,8,3,2024,Sunday,True
1699,2024-08-26,26,8,3,2024,Monday,False
1700,2024-08-27,27,8,3,2024,Tuesday,False
1701,2024-08-28,28,8,3,2024,Wednesday,False
1702,2024-08-29,29,8,3,2024,Thursday,False
1703,2024-08-30,30,8,3,2024,Friday,False
1704,2024-08-31,31,8,3,2024,Saturday,True
1705,2024-09-01,1,9,3,2024,Sunday,True
1706,2024-09-02,2,9,3,2024,Monday,False
1707,2024-09-03,3,9,3,2024,Tuesday,False
1708,2024-09-04,4,9,3,2024,Wednesday,False
1709,2024-09-05,5,9,3,2024,Thursday,False
1710,2024-09-06,6,9,3,2024,Friday,False
1711,2024-09-07,7,9,3,2024,Saturday,True
1712,2024-09-08,8,9,3,2024,Sunday,True
1713,2024-09-09,9,9,3,2024,Monday,False
1714,2024-09-10,10,9,3,2024,Tuesday,False
1715,2024-09-11,11,9,3,2024,Wednesday,False
1716,2024-09-12,12,9,3,2024,Thursday,False
1717,2024-09-13,13,9,3,2024,Friday,False
1718,2024-09-14,14,9,3,2024,Saturday,True
1719,2024-09-15,15,9,3,2024,Sunday,True
1720,2024-09-16,16,9,3,2024,Monday,False
1721,2024-09-17,17,9,3,2024,Tuesday,False
1722,2024-09-18,18,9,3,2024,Wednesday,False
1723,2024-09-19,19,9,3,2024,Thursday,False
1724,2024-09-20,20,9,3,2024,Friday,False
1725,2024-09-21,21,9,3,2024,Saturday,True
1726,2024-09-22,22,9,3,2024,Sunday,True
1727,2024-09-23,23,9,3,2024,Monday,False
1728,2024-09-24,24,9,3,2024,Tuesday,False
1729,2024-09-25,25,9,3,2024,Wednesday,False
1730,2024-09-26,26,9,3,2024,Thursday,False
1731,2024-09-27,27,9,3,2024,Friday,False
1732,2024-09-28,28,9,3,2024,Saturday,True
1733,2024-09-29,29,9,3,2024,Sunday,True
1734,2024-09-30,30,9,3,2024,Monday,False
1735,2024-10-01,1,10,4,2024,Tuesday,False
1736,2024-10-02,2,10,4,2024,Wednesday,False
1737,2024-10-03,3,10,4,2024,Thursday,False
1738,2024-10-04,4,10,4,2024,Friday,False
1739,2024-10-05,5,10,4,2024,Saturday,True
1740,2024-10-06,6,10,4,2024,Sunday,True
1741,2024-10-07,7,10,4,2024,Monday,False
1742,2024-10-08,8,10,4,2024,Tuesday,False
1743,2024-10-09,9,10,4,2024,Wednesday,False
1744,2024-10-10,10,10,4,2024,Thursday,False
1745,2024-10-11,11,10,4,2024,Friday,False
1746,2024-10-12,12,10,4,2024,Saturday,True
1747,2024-10-13,13,10,4,2024,Sunday,True
1748,2024-10-14,14,10,4,2024,Monday,False
1749,2024-10-15,15,10,4,2024,Tuesday,False
1750,2024-10-16,16,10,4,2024,Wednesday,False
1751,2024-10-17,17,10,4,2024,Thursday,False
1752,2024-10-18,18,10,4,2024,Friday,False
1753,2024-10-19,19,10,4,2024,Saturday,True
1754,2024-10-20,20,10,4,2024,Sunday,True
1755,2024-10-21,21,10,4,2024,Monday,False
1756,2024-10-22,22,10,4,2024,Tuesday,False
1757,2024-10-23,23,10,4,2024,Wednesday,False
1758,2024-10-24,24,10,4,2024,Thursday,False
1759,2024-10-25,25,10,4,2024,Friday,False
1760,2024-10-26,26,10,4,2024,Saturday,True
1761,2024-10-27,27,10,4,2024,Sunday,True
1762,2024-10-28,28,10,4,2024,Monday,False
1763,2024-10-29,29,10,4,2024,Tuesday,False
1764,2024-10-30,30,10,4,2024,Wednesday,False
1765,2024-10-31,31,10,4,2024,Thursday,False
1766,2024-11-01,1,11,4,2024,Friday,False
1767,2024-11-02,2,11,4,2024,Saturday,True
1768,2024-11-03,3,11,4,2024,Sunday,True
1769,2024-11-04,4,11,4,2024,Monday,False
1770,2024-11-05,5,11,4,2024,Tuesday,False
1771,2024-11-06,6,11,4,2024,Wednesday,False
1772,2024-11-07,7,11,4,2024,Thursday,False
1773,2024-11-08,8,11,4,2024,Friday,False
1774,2024-11-09,9,11,4,2024,Saturday,True
1775,2024-11-10,10,11,4,2024,Sunday,True
1776,2024-11-11,11,11,4,2024,Monday,False
1777,2024-11-12,12,11,4,2024,Tuesday,False
1778,2024-11-13,13,11,4,2024,Wednesday,False
1779,2024-11-14,14,11,4,2024,Thursday,False
1780,2024-11-15,15,11,4,2024,Friday,False
1781,2024-11-16,16,11,4,2024,Saturday,True
1782,2024-11-17,17,11,4,2024,Sunday,True
1783,2024-11-18,18,11,4,2024,Monday,False
1784,2024-11-19,19,11,4,2024,Tuesday,False
1785,2024-11-20,20,11,4,2024,Wednesday,False
1786,2024-11-21,21,11,4,2024,Thursday,False
1787,2024-11-22,22,11,4,2024,Friday,False
1788,2024-11-23,23,11,4,2024,Saturday,True
1789,2024-11-24,24,11,4,2024,Sunday,True
1790,2024-11-25,25,11,4,2024,Monday,False
1791,2024-11-26,26,11,4,2024,Tuesday,False
1792,2024-11-27,27,11,4,2024,Wednesday,False
1793,2024-11-28,28,11,4,2024,Thursday,False
1794,2024-11-29,29,11,4,2024,Friday,False
1795,2024-11-30,30,11,4,2024,Saturday,True
1796,2024-12-01,1,12,4,2024,Sunday,True
1797,2024-12-02,2,12,4,2024,Monday,False
1798,2024-12-03,3,12,4,2024,Tuesday,False
1799,2024-12-04,4,12,4,2024,Wednesday,False
1800,2024-12-05,5,12,4,2024,Thursday,False
1801,2024-12-06,6,12,4,2024,Friday,False
1802,2024-12-07,7,12,4,2024,Saturday,True
1803,2024-12-08,8,12,4,2024,Sunday,True
1804,2024-12-09,9,12,4,2024,Monday,False
1805,2024-12-10,10,12,4,2024,Tuesday,False
1806,2024-12-11,11,12,4,2024,Wednesday,False
1807,2024-12-12,12,12,4,2024,Thursday,False
1808,2024-12-13,13,12,4,2024,Friday,False
1809,2024-12-14,14,12,4,2024,Saturday,True
1810,2024-12-15,15,12,4,2024,Sunday,True
1811,2024-12-16,16,12,4,2024,Monday,False
1812,2024-12-17,17,12,4,2024,Tuesday,False
1813,2024-12-18,18,12,4,2024,Wednesday,False
1814,2024-12-19,19,12,4,2024,Thursday,False
1815,2024-12-20,20,12,4,2024,Friday,False
1816,2024-12-21,21,12,4,2024,Saturday,True
1817,2024-12-22,22,12,4,2024,Sunday,True
1818,2024-12-23,23,12,4,2024,Monday,False
1819,2024-12-24,24,12,4,2024,Tuesday,False
1820,2024-12-25,25,12,4,2024,Wednesday,False
1821,2024-12-26,26,12,4,2024,Thursday,False
1822,2024-12-27,27,12,4,2024,Friday,False
1823,2024-12-28,28,12,4,2024,Saturday,True
1824,2024-12-29,29,12,4,2024,Sunday,True
1825,2024-12-30,30,12,4,2024,Monday,False
1826,2024-12-31,31,12,4,2024,Tuesday,False
